{"type":"FeatureCollection","exposome":"green","column":"green_total_pct","source":"Dynamic World V1","analysis_resolution_m":1000,"source_resolution_m":10,"sample_scale_m":30,"grid_alignment":"study_aoi_metric_grid","is_synthetic":false,"temporal_support":{"kind":"year","year":"2024","source_label":"Dynamic World V1"},"n_features":953,"features":[{"type":"Feature","properties":{"value":29.14,"pixel_id":"283:9620"},"geometry":{"type":"Polygon","coordinates":[[[37.05561243951766,-3.43082728058287],[37.04782709039485,-3.4311981929798017],[37.04782712632746,-3.4311949928138423],[37.04782719729436,-3.4311885915791454],[37.04783532884432,-3.4304613321377895],[37.04784351429317,-3.429729012344983],[37.04855967639052,-3.4286653029088474],[37.04927981083802,-3.427595697446304],[37.04975025624655,-3.4268960667469432],[37.055781604455674,-3.426908384461075],[37.055773078359266,-3.431128237849927],[37.05561243951766,-3.43082728058287]]]}},{"type":"Feature","properties":{"value":76.03,"pixel_id":"283:9621"},"geometry":{"type":"Polygon","coordinates":[[[37.05071676405135,-3.425458702704252],[37.05257032624904,-3.4222346995179103],[37.05369242714179,-3.4202807785835923],[37.05495178522007,-3.4180878299770487],[37.05507965209895,-3.417865172459685],[37.05579983751607,-3.4178666374057634],[37.055781604455674,-3.426908384461075],[37.04975025624655,-3.4268960667469432],[37.05071676405135,-3.425458702704252]]]}},{"type":"Feature","properties":{"value":100.0,"pixel_id":"283:9622"},"geometry":{"type":"Polygon","coordinates":[[[37.05546712893561,-3.4171904490401386],[37.05580237442538,-3.416606680300384],[37.05579983751607,-3.4178666374057634],[37.05507965209895,-3.417865172459685],[37.05546712893561,-3.4171904490401386]]]}},{"type":"Feature","properties":{"value":39.39,"pixel_id":"284:9613"},"geometry":{"type":"Polygon","coordinates":[[[37.061266452085576,-3.492256216846904],[37.061249561063285,-3.490752001182086],[37.06136106172037,-3.490212400503453],[37.06465075722649,-3.490219206493069],[37.06464984093192,-3.490666755337464],[37.061266452085576,-3.492256216846904]]]}},{"type":"Feature","properties":{"value":48.84,"pixel_id":"284:9614"},"geometry":{"type":"Polygon","coordinates":[[[37.06167718249473,-3.4886825450125123],[37.06191665358654,-3.4865743378813354],[37.062003309570414,-3.4858119379710306],[37.062092218529045,-3.48502965060818],[37.062127312113915,-3.483379714128808],[37.0621066445742,-3.4829665049272336],[37.062016874288496,-3.481171951433983],[37.064669243710306,-3.4811774237742243],[37.06465075722649,-3.490219206493069],[37.06136106172037,-3.490212400503453],[37.06167718249473,-3.4886825450125123]]]}},{"type":"Feature","properties":{"value":33.91,"pixel_id":"284:9615"},"geometry":{"type":"Polygon","coordinates":[[[37.06198616162995,-3.4805579969432467],[37.06195252421414,-3.479885559477933],[37.061929779769464,-3.4794308606414006],[37.06193765889284,-3.4792105362497248],[37.06195194210586,-3.47881109288163],[37.06196622442054,-3.478411583446274],[37.06202249488996,-3.4768376970695396],[37.06208168847727,-3.4753351092472506],[37.06208170105369,-3.47533477886488],[37.062081738782936,-3.475333850002902],[37.06215032964645,-3.4737047591930375],[37.06238819913145,-3.4721309076898015],[37.0646876819481,-3.472135639220748],[37.064669243710306,-3.4811774237742243],[37.062016874288496,-3.481171951433983],[37.06198616162995,-3.4805579969432467]]]}},{"type":"Feature","properties":{"value":66.36,"pixel_id":"284:9616"},"geometry":{"type":"Polygon","coordinates":[[[37.06285438784363,-3.4690463495134902],[37.06248050273419,-3.46381044361985],[37.06242899915611,-3.4630891796310164],[37.06470607194214,-3.463093852837386],[37.0646876819481,-3.472135639220748],[37.06238819913145,-3.4721309076898015],[37.06285438784363,-3.4690463495134902]]]}},{"type":"Feature","properties":{"value":46.84,"pixel_id":"284:9617"},"geometry":{"type":"Polygon","coordinates":[[[37.06232649017199,-3.461653637620436],[37.062017802090885,-3.457330726409163],[37.06193423900657,-3.45616050041932],[37.06185290733735,-3.455021491171362],[37.06178325169803,-3.454046043228475],[37.06472441369471,-3.454052064628881],[37.06470607194214,-3.463093852837386],[37.06242899915611,-3.4630891796310164],[37.06232649017199,-3.461653637620436]]]}},{"type":"Feature","properties":{"value":4.5,"pixel_id":"284:9618"},"geometry":{"type":"Polygon","coordinates":[[[37.0616907802932,-3.452751095482619],[37.061632065507915,-3.452472264919613],[37.0615820949236,-3.4522349696035546],[37.06148210434765,-3.451760135060292],[37.06128221751881,-3.450810921119745],[37.06088231989368,-3.448911912621916],[37.06008661287626,-3.4451333240273625],[37.06005868609749,-3.4450007058369483],[37.06474270720807,-3.4450102745999804],[37.06472441369471,-3.454052064628881],[37.06178325169803,-3.454046043228475],[37.0616907802932,-3.452751095482619]]]}},{"type":"Feature","properties":{"value":43.25,"pixel_id":"284:9619"},"geometry":{"type":"Polygon","coordinates":[[[37.059980693419426,-3.4446303356647476],[37.05987910743553,-3.4441479334309033],[37.059677552435204,-3.44319079768806],[37.0592742124659,-3.4412754192552284],[37.05887123092441,-3.4393617620162447],[37.05846844162237,-3.4374480394996785],[37.05824143285849,-3.4363709802996505],[37.05815383981394,-3.435955014102414],[37.064760952484484,-3.4359684827554284],[37.06474270720807,-3.4450102745999804],[37.06005868609749,-3.4450007058369483],[37.059980693419426,-3.4446303356647476]]]}},{"type":"Feature","properties":{"value":73.02,"pixel_id":"284:9620"},"geometry":{"type":"Polygon","coordinates":[[[37.05801467202964,-3.4352941274938766],[37.057606238612664,-3.434562661820941],[37.055773078359266,-3.431128237849927],[37.055781604455674,-3.426908384461075],[37.0647791495262,-3.4269266890999717],[37.064760952484484,-3.4359684827554284],[37.05815383981394,-3.435955014102414],[37.05801467202964,-3.4352941274938766]]]}},{"type":"Feature","properties":{"value":62.64,"pixel_id":"284:9621"},"geometry":{"type":"Polygon","coordinates":[[[37.055781604455674,-3.426908384461075],[37.05579983751607,-3.4178666374057634],[37.06479729833547,-3.417884893638355],[37.0647791495262,-3.4269266890999717],[37.055781604455674,-3.426908384461075]]]}},{"type":"Feature","properties":{"value":60.47,"pixel_id":"284:9622"},"geometry":{"type":"Polygon","coordinates":[[[37.05598065446106,-3.4162962376787354],[37.05602508154174,-3.416218875490414],[37.056365304980886,-3.4156264334998574],[37.05648558310921,-3.4154169911254],[37.056661448987306,-3.4151107503921505],[37.05674662724256,-3.414983016000239],[37.0568572664479,-3.4148171967001755],[37.057120835745515,-3.414423327449483],[37.05741003757148,-3.4139911537444587],[37.05818674342399,-3.412830471887396],[37.06011243135583,-3.4099527790628548],[37.06006047555719,-3.4088334844429404],[37.06481539891453,-3.4088430963753247],[37.06479729833547,-3.417884893638355],[37.05579983751607,-3.4178666374057634],[37.05580237442538,-3.416606680300384],[37.05598065446106,-3.4162962376787354]]]}},{"type":"Feature","properties":{"value":39.34,"pixel_id":"284:9623"},"geometry":{"type":"Polygon","coordinates":[[[37.059776751595415,-3.402721393921138],[37.05964071608358,-3.3997908269856096],[37.064833451265635,-3.3998012973156277],[37.06481539891453,-3.4088430963753247],[37.06006047555719,-3.4088334844429404],[37.059776751595415,-3.402721393921138]]]}},{"type":"Feature","properties":{"value":1.6,"pixel_id":"284:9624"},"geometry":{"type":"Polygon","coordinates":[[[37.0596303783064,-3.3995681274752343],[37.05932194983843,-3.3912653667331605],[37.059298623558284,-3.390748328758819],[37.064851455390986,-3.3907594964640086],[37.064833451265635,-3.3998012973156277],[37.05964071608358,-3.3997908269856096],[37.0596303783064,-3.3995681274752343]]]}},{"type":"Feature","properties":{"value":0.08,"pixel_id":"284:9625"},"geometry":{"type":"Polygon","coordinates":[[[37.05889064201738,-3.381705700193283],[37.064869411292825,-3.381717693825216],[37.064851455390986,-3.3907594964640086],[37.059298623558284,-3.390748328758819],[37.05889064201738,-3.381705700193283]]]}},{"type":"Feature","properties":{"value":19.15,"pixel_id":"284:9626"},"geometry":{"type":"Polygon","coordinates":[[[37.05848262009756,-3.3726630742441475],[37.06488731897336,-3.372675889403995],[37.064869411292825,-3.381717693825216],[37.05889064201738,-3.381705700193283],[37.05848262009756,-3.3726630742441475]]]}},{"type":"Feature","properties":{"value":11.83,"pixel_id":"284:9627"},"geometry":{"type":"Polygon","coordinates":[[[37.05846171683416,-3.372199838036621],[37.05845919166988,-3.372143863705885],[37.05845791516388,-3.3721155777182537],[37.063719696329265,-3.3698212502023135],[37.06489392677501,-3.3693333662537674],[37.06488731897336,-3.372675889403995],[37.05848262009756,-3.3726630742441475],[37.05846171683416,-3.372199838036621]]]}},{"type":"Feature","properties":{"value":44.72,"pixel_id":"285:9613"},"geometry":{"type":"Polygon","coordinates":[[[37.06464984093192,-3.490666755337464],[37.06465075722649,-3.490219206493069],[37.06559833390904,-3.490221164773294],[37.06464984093192,-3.490666755337464]]]}},{"type":"Feature","properties":{"value":44.98,"pixel_id":"285:9614"},"geometry":{"type":"Polygon","coordinates":[[[37.071869719236616,-3.488895059053359],[37.06973083324008,-3.489129895190068],[37.06973065267872,-3.489129929491521],[37.06973057811857,-3.4891299439342576],[37.06659317156458,-3.48975380022159],[37.06559833390904,-3.490221164773294],[37.06465075722649,-3.490219206493069],[37.064669243710306,-3.4811774237742243],[37.07366734723598,-3.4811959327447854],[37.07365208068966,-3.488699368263793],[37.071869719236616,-3.488895059053359]]]}},{"type":"Feature","properties":{"value":13.69,"pixel_id":"285:9615"},"geometry":{"type":"Polygon","coordinates":[[[37.064669243710306,-3.4811774237742243],[37.0646876819481,-3.472135639220748],[37.07368569987679,-3.4721541000039773],[37.07366734723598,-3.4811959327447854],[37.064669243710306,-3.4811774237742243]]]}},{"type":"Feature","properties":{"value":14.05,"pixel_id":"285:9616"},"geometry":{"type":"Polygon","coordinates":[[[37.0646876819481,-3.472135639220748],[37.06470607194214,-3.463093852837386],[37.073704004497806,-3.4631122654341584],[37.07368569987679,-3.4721541000039773],[37.0646876819481,-3.472135639220748]]]}},{"type":"Feature","properties":{"value":60.57,"pixel_id":"285:9617"},"geometry":{"type":"Polygon","coordinates":[[[37.06470607194214,-3.463093852837386],[37.06472441369471,-3.454052064628881],[37.07372226110131,-3.454070429040072],[37.073704004497806,-3.4631122654341584],[37.06470607194214,-3.463093852837386]]]}},{"type":"Feature","properties":{"value":33.13,"pixel_id":"285:9618"},"geometry":{"type":"Polygon","coordinates":[[[37.06472441369471,-3.454052064628881],[37.06474270720807,-3.4450102745999804],[37.07374046968953,-3.4450285908264613],[37.07372226110131,-3.454070429040072],[37.06472441369471,-3.454052064628881]]]}},{"type":"Feature","properties":{"value":30.58,"pixel_id":"285:9619"},"geometry":{"type":"Polygon","coordinates":[[[37.06474270720807,-3.4450102745999804],[37.064760952484484,-3.4359684827554284],[37.07375863026475,-3.435986750798069],[37.07374046968953,-3.4450285908264613],[37.06474270720807,-3.4450102745999804]]]}},{"type":"Feature","properties":{"value":59.6,"pixel_id":"285:9620"},"geometry":{"type":"Polygon","coordinates":[[[37.064760952484484,-3.4359684827554284],[37.0647791495262,-3.4269266890999717],[37.07377674282918,-3.4269449089596384],[37.07375863026475,-3.435986750798069],[37.064760952484484,-3.4359684827554284]]]}},{"type":"Feature","properties":{"value":29.92,"pixel_id":"285:9621"},"geometry":{"type":"Polygon","coordinates":[[[37.0647791495262,-3.4269266890999717],[37.06479729833547,-3.417884893638355],[37.07379480738508,-3.4179030653159126],[37.07377674282918,-3.4269449089596384],[37.0647791495262,-3.4269266890999717]]]}},{"type":"Feature","properties":{"value":18.46,"pixel_id":"285:9622"},"geometry":{"type":"Polygon","coordinates":[[[37.06479729833547,-3.417884893638355],[37.06481539891453,-3.4088430963753247],[37.07381282393467,-3.408861219871635],[37.07379480738508,-3.4179030653159126],[37.06479729833547,-3.417884893638355]]]}},{"type":"Feature","properties":{"value":63.5,"pixel_id":"285:9623"},"geometry":{"type":"Polygon","coordinates":[[[37.06481539891453,-3.4088430963753247],[37.064833451265635,-3.3998012973156277],[37.07383079248017,-3.3998193726315518],[37.07381282393467,-3.408861219871635],[37.06481539891453,-3.4088430963753247]]]}},{"type":"Feature","properties":{"value":7.0,"pixel_id":"285:9624"},"geometry":{"type":"Polygon","coordinates":[[[37.064833451265635,-3.3998012973156277],[37.064851455390986,-3.3907594964640086],[37.07384871302382,-3.390777523600405],[37.07383079248017,-3.3998193726315518],[37.064833451265635,-3.3998012973156277]]]}},{"type":"Feature","properties":{"value":0.02,"pixel_id":"285:9625"},"geometry":{"type":"Polygon","coordinates":[[[37.064851455390986,-3.3907594964640086],[37.064869411292825,-3.381717693825216],[37.073866585567814,-3.381735672782939],[37.07384871302382,-3.390777523600405],[37.064851455390986,-3.3907594964640086]]]}},{"type":"Feature","properties":{"value":44.76,"pixel_id":"285:9626"},"geometry":{"type":"Polygon","coordinates":[[[37.064869411292825,-3.381717693825216],[37.06488731897336,-3.372675889403995],[37.07388441011437,-3.372693820183898],[37.073866585567814,-3.381735672782939],[37.064869411292825,-3.381717693825216]]]}},{"type":"Feature","properties":{"value":25.22,"pixel_id":"285:9627"},"geometry":{"type":"Polygon","coordinates":[[[37.064915296480265,-3.3693244872799992],[37.073825657935686,-3.365622273018182],[37.07389837829125,-3.3655911115379946],[37.07388441011437,-3.372693820183898],[37.06488731897336,-3.372675889403995],[37.06489392677501,-3.3693333662537674],[37.064915296480265,-3.3693244872799992]]]}},{"type":"Feature","properties":{"value":12.91,"pixel_id":"286:9614"},"geometry":{"type":"Polygon","coordinates":[[[37.07978813490419,-3.488197097363888],[37.0790468029109,-3.4881070621831607],[37.075255293472686,-3.488523343594915],[37.07365208068966,-3.488699368263793],[37.07366734723598,-3.4811959327447854],[37.082665498783705,-3.4812143555885773],[37.082650654306896,-3.4885447569443997],[37.07978813490419,-3.488197097363888]]]}},{"type":"Feature","properties":{"value":7.91,"pixel_id":"286:9615"},"geometry":{"type":"Polygon","coordinates":[[[37.07366734723598,-3.4811959327447854],[37.07368569987679,-3.4721541000039773],[37.08268376582526,-3.472172474884663],[37.082665498783705,-3.4812143555885773],[37.07366734723598,-3.4811959327447854]]]}},{"type":"Feature","properties":{"value":5.79,"pixel_id":"286:9616"},"geometry":{"type":"Polygon","coordinates":[[[37.07368569987679,-3.4721541000039773],[37.073704004497806,-3.4631122654341584],[37.082701985071,-3.4631305923526106],[37.08268376582526,-3.472172474884663],[37.07368569987679,-3.4721541000039773]]]}},{"type":"Feature","properties":{"value":0.73,"pixel_id":"286:9617"},"geometry":{"type":"Polygon","coordinates":[[[37.073704004497806,-3.4631122654341584],[37.07372226110131,-3.454070429040072],[37.082720156523166,-3.454088707997159],[37.082701985071,-3.4631305923526106],[37.073704004497806,-3.4631122654341584]]]}},{"type":"Feature","properties":{"value":2.36,"pixel_id":"286:9618"},"geometry":{"type":"Polygon","coordinates":[[[37.07372226110131,-3.454070429040072],[37.07374046968953,-3.4450285908264613],[37.08273828018402,-3.4450468218230514],[37.082720156523166,-3.454088707997159],[37.07372226110131,-3.454070429040072]]]}},{"type":"Feature","properties":{"value":3.94,"pixel_id":"286:9619"},"geometry":{"type":"Polygon","coordinates":[[[37.07374046968953,-3.4450285908264613],[37.07375863026475,-3.435986750798069],[37.08275635605578,-3.4360049338350276],[37.08273828018402,-3.4450468218230514],[37.07374046968953,-3.4450285908264613]]]}},{"type":"Feature","properties":{"value":52.59,"pixel_id":"286:9620"},"geometry":{"type":"Polygon","coordinates":[[[37.07375863026475,-3.435986750798069],[37.07377674282918,-3.4269449089596384],[37.08277438414069,-3.426963044037829],[37.08275635605578,-3.4360049338350276],[37.07375863026475,-3.435986750798069]]]}},{"type":"Feature","properties":{"value":60.93,"pixel_id":"286:9621"},"geometry":{"type":"Polygon","coordinates":[[[37.07377674282918,-3.4269449089596384],[37.07379480738508,-3.4179030653159126],[37.08279236444099,-3.4179211524361954],[37.08277438414069,-3.426963044037829],[37.07377674282918,-3.4269449089596384]]]}},{"type":"Feature","properties":{"value":18.64,"pixel_id":"286:9622"},"geometry":{"type":"Polygon","coordinates":[[[37.07379480738508,-3.4179030653159126],[37.07381282393467,-3.408861219871635],[37.082810296958876,-3.4088792590348698],[37.08279236444099,-3.4179211524361954],[37.07379480738508,-3.4179030653159126]]]}},{"type":"Feature","properties":{"value":7.98,"pixel_id":"286:9623"},"geometry":{"type":"Polygon","coordinates":[[[37.07381282393467,-3.408861219871635],[37.07383079248017,-3.3998193726315518],[37.08282818169657,-3.3998373638385933],[37.082810296958876,-3.4088792590348698],[37.07381282393467,-3.408861219871635]]]}},{"type":"Feature","properties":{"value":16.49,"pixel_id":"286:9624"},"geometry":{"type":"Polygon","coordinates":[[[37.07383079248017,-3.3998193726315518],[37.07384871302382,-3.390777523600405],[37.0828460186563,-3.3907954668521074],[37.08282818169657,-3.3998373638385933],[37.07383079248017,-3.3998193726315518]]]}},{"type":"Feature","properties":{"value":8.8,"pixel_id":"286:9625"},"geometry":{"type":"Polygon","coordinates":[[[37.07384871302382,-3.390777523600405],[37.073866585567814,-3.381735672782939],[37.08286380784024,-3.3817535680801534],[37.0828460186563,-3.3907954668521074],[37.07384871302382,-3.390777523600405]]]}},{"type":"Feature","properties":{"value":47.06,"pixel_id":"286:9626"},"geometry":{"type":"Polygon","coordinates":[[[37.073866585567814,-3.381735672782939],[37.07388441011437,-3.372693820183898],[37.082881549250615,-3.372711667527475],[37.08286380784024,-3.3817535680801534],[37.073866585567814,-3.381735672782939]]]}},{"type":"Feature","properties":{"value":57.77,"pixel_id":"286:9627"},"geometry":{"type":"Polygon","coordinates":[[[37.07798834136784,-3.363838502393957],[37.07840285679167,-3.363660880154583],[37.082899242889596,-3.3636697651988117],[37.082881549250615,-3.372711667527475],[37.07388441011437,-3.372693820183898],[37.07389837829125,-3.3655911115379946],[37.07798834136784,-3.363838502393957]]]}},{"type":"Feature","properties":{"value":4.15,"pixel_id":"286:9628"},"geometry":{"type":"Polygon","coordinates":[[[37.0829030275871,-3.361732512266623],[37.082899242889596,-3.3636697651988117],[37.07840285679167,-3.363660880154583],[37.0829030275871,-3.361732512266623]]]}},{"type":"Feature","properties":{"value":33.15,"pixel_id":"287:9614"},"geometry":{"type":"Polygon","coordinates":[[[37.091135698488934,-3.490049571772091],[37.086687281626155,-3.4890350037309275],[37.085277054190875,-3.4888637318575078],[37.082650654306896,-3.4885447569443997],[37.082665498783705,-3.4812143555885773],[37.09166369812951,-3.4812326923033297],[37.0916456886072,-3.490165887120376],[37.091135698488934,-3.490049571772091]]]}},{"type":"Feature","properties":{"value":6.37,"pixel_id":"287:9615"},"geometry":{"type":"Polygon","coordinates":[[[37.082665498783705,-3.4812143555885773],[37.08268376582526,-3.472172474884663],[37.091681879569556,-3.4721907638605405],[37.09166369812951,-3.4812326923033297],[37.082665498783705,-3.4812143555885773]]]}},{"type":"Feature","properties":{"value":5.88,"pixel_id":"287:9616"},"geometry":{"type":"Polygon","coordinates":[[[37.08268376582526,-3.472172474884663],[37.082701985071,-3.4631305923526106],[37.09170001343775,-3.463148833590481],[37.091681879569556,-3.4721907638605405],[37.08268376582526,-3.472172474884663]]]}},{"type":"Feature","properties":{"value":5.27,"pixel_id":"287:9617"},"geometry":{"type":"Polygon","coordinates":[[[37.082701985071,-3.4631305923526106],[37.082720156523166,-3.454088707997159],[37.091718099736354,-3.454106901497889],[37.09170001343775,-3.463148833590481],[37.082701985071,-3.4631305923526106]]]}},{"type":"Feature","properties":{"value":0.0,"pixel_id":"287:9618"},"geometry":{"type":"Polygon","coordinates":[[[37.082720156523166,-3.454088707997159],[37.08273828018402,-3.4450468218230514],[37.09173613846758,-3.4450649675875047],[37.091718099736354,-3.454106901497889],[37.082720156523166,-3.454088707997159]]]}},{"type":"Feature","properties":{"value":2.95,"pixel_id":"287:9619"},"geometry":{"type":"Polygon","coordinates":[[[37.08273828018402,-3.4450468218230514],[37.08275635605578,-3.4360049338350276],[37.09175412963367,-3.4360230318640643],[37.09173613846758,-3.4450649675875047],[37.08273828018402,-3.4450468218230514]]]}},{"type":"Feature","properties":{"value":45.3,"pixel_id":"287:9620"},"geometry":{"type":"Polygon","coordinates":[[[37.08275635605578,-3.4360049338350276],[37.08277438414069,-3.426963044037829],[37.09177207323683,-3.4269810943323082],[37.09175412963367,-3.4360230318640643],[37.08275635605578,-3.4360049338350276]]]}},{"type":"Feature","properties":{"value":46.47,"pixel_id":"287:9621"},"geometry":{"type":"Polygon","coordinates":[[[37.08277438414069,-3.426963044037829],[37.08279236444099,-3.4179211524361954],[37.0917899692793,-3.417939154996975],[37.09177207323683,-3.4269810943323082],[37.08277438414069,-3.426963044037829]]]}},{"type":"Feature","properties":{"value":3.17,"pixel_id":"287:9622"},"geometry":{"type":"Polygon","coordinates":[[[37.08279236444099,-3.4179211524361954],[37.082810296958876,-3.4088792590348698],[37.09180781776327,-3.4088972138628035],[37.0917899692793,-3.417939154996975],[37.08279236444099,-3.4179211524361954]]]}},{"type":"Feature","properties":{"value":30.09,"pixel_id":"287:9623"},"geometry":{"type":"Polygon","coordinates":[[[37.082810296958876,-3.4088792590348698],[37.08282818169657,-3.3998373638385933],[37.091825618690955,-3.399855270934533],[37.09180781776327,-3.4088972138628035],[37.082810296958876,-3.4088792590348698]]]}},{"type":"Feature","properties":{"value":36.3,"pixel_id":"287:9624"},"geometry":{"type":"Polygon","coordinates":[[[37.08282818169657,-3.3998373638385933],[37.0828460186563,-3.3907954668521074],[37.09184337206455,-3.390813326216904],[37.091825618690955,-3.399855270934533],[37.08282818169657,-3.3998373638385933]]]}},{"type":"Feature","properties":{"value":5.43,"pixel_id":"287:9625"},"geometry":{"type":"Polygon","coordinates":[[[37.0828460186563,-3.3907954668521074],[37.08286380784024,-3.3817535680801534],[37.09186107788625,-3.381771379714654],[37.09184337206455,-3.390813326216904],[37.0828460186563,-3.3907954668521074]]]}},{"type":"Feature","properties":{"value":59.21,"pixel_id":"287:9626"},"geometry":{"type":"Polygon","coordinates":[[[37.08286380784024,-3.3817535680801534],[37.082881549250615,-3.372711667527475],[37.09187873615824,-3.3727294314325245],[37.09186107788625,-3.381771379714654],[37.08286380784024,-3.3817535680801534]]]}},{"type":"Feature","properties":{"value":68.61,"pixel_id":"287:9627"},"geometry":{"type":"Polygon","coordinates":[[[37.082881549250615,-3.372711667527475],[37.082899242889596,-3.3636697651988117],[37.091896346882706,-3.363687481375254],[37.09187873615824,-3.3727294314325245],[37.082881549250615,-3.372711667527475]]]}},{"type":"Feature","properties":{"value":22.66,"pixel_id":"287:9628"},"geometry":{"type":"Polygon","coordinates":[[[37.09079291305461,-3.358351534674791],[37.091907640903216,-3.3578758553519057],[37.091896346882706,-3.363687481375254],[37.082899242889596,-3.3636697651988117],[37.0829030275871,-3.361732512266623],[37.09079291305461,-3.358351534674791]]]}},{"type":"Feature","properties":{"value":48.32,"pixel_id":"288:9614"},"geometry":{"type":"Polygon","coordinates":[[[37.09863171283516,-3.4856840949587236],[37.094972641120954,-3.4873424321258866],[37.091689504471695,-3.4885065484923072],[37.09180826714216,-3.4902029669563257],[37.0916456886072,-3.490165887120376],[37.09166369812951,-3.4812326923033297],[37.100661945049396,-3.4812509428867826],[37.100656693689736,-3.483870477963156],[37.09863171283516,-3.4856840949587236]]]}},{"type":"Feature","properties":{"value":10.48,"pixel_id":"288:9615"},"geometry":{"type":"Polygon","coordinates":[[[37.09166369812951,-3.4812326923033297],[37.091681879569556,-3.4721907638605405],[37.10068004088569,-3.4722089669293554],[37.100661945049396,-3.4812509428867826],[37.09166369812951,-3.4812326923033297]]]}},{"type":"Feature","properties":{"value":2.3,"pixel_id":"288:9616"},"geometry":{"type":"Polygon","coordinates":[[[37.091681879569556,-3.4721907638605405],[37.09170001343775,-3.463148833590481],[37.10069808937411,-3.4631669891455226],[37.10068004088569,-3.4722089669293554],[37.091681879569556,-3.4721907638605405]]]}},{"type":"Feature","properties":{"value":7.8,"pixel_id":"288:9617"},"geometry":{"type":"Polygon","coordinates":[[[37.09170001343775,-3.463148833590481],[37.091718099736354,-3.454106901497889],[37.10071609051691,-3.4541250095400198],[37.10069808937411,-3.4631669891455226],[37.09170001343775,-3.463148833590481]]]}},{"type":"Feature","properties":{"value":0.71,"pixel_id":"288:9618"},"geometry":{"type":"Polygon","coordinates":[[[37.091718099736354,-3.454106901497889],[37.09173613846758,-3.4450649675875047],[37.10073404431629,-3.4450830281175824],[37.10071609051691,-3.4541250095400198],[37.091718099736354,-3.454106901497889]]]}},{"type":"Feature","properties":{"value":1.59,"pixel_id":"288:9619"},"geometry":{"type":"Polygon","coordinates":[[[37.09173613846758,-3.4450649675875047],[37.09175412963367,-3.4360230318640643],[37.10075195077447,-3.4360410448829475],[37.10073404431629,-3.4450830281175824],[37.09173613846758,-3.4450649675875047]]]}},{"type":"Feature","properties":{"value":17.91,"pixel_id":"288:9620"},"geometry":{"type":"Polygon","coordinates":[[[37.09175412963367,-3.4360230318640643],[37.09177207323683,-3.4269810943323082],[37.10076980989367,-3.4269990598408526],[37.10075195077447,-3.4360410448829475],[37.09175412963367,-3.4360230318640643]]]}},{"type":"Feature","properties":{"value":27.68,"pixel_id":"288:9621"},"geometry":{"type":"Polygon","coordinates":[[[37.09177207323683,-3.4269810943323082],[37.0917899692793,-3.417939154996975],[37.1007876216761,-3.417957072996032],[37.10076980989367,-3.4269990598408526],[37.09177207323683,-3.4269810943323082]]]}},{"type":"Feature","properties":{"value":6.84,"pixel_id":"288:9622"},"geometry":{"type":"Polygon","coordinates":[[[37.0917899692793,-3.417939154996975],[37.09180781776327,-3.4088972138628035],[37.10080538612395,-3.4089150843532243],[37.1007876216761,-3.417957072996032],[37.0917899692793,-3.417939154996975]]]}},{"type":"Feature","properties":{"value":32.86,"pixel_id":"288:9623"},"geometry":{"type":"Polygon","coordinates":[[[37.09180781776327,-3.4088972138628035],[37.091825618690955,-3.399855270934533],[37.10082310323942,-3.399873093917165],[37.10080538612395,-3.4089150843532243],[37.09180781776327,-3.4088972138628035]]]}},{"type":"Feature","properties":{"value":4.71,"pixel_id":"288:9624"},"geometry":{"type":"Polygon","coordinates":[[[37.091825618690955,-3.399855270934533],[37.09184337206455,-3.390813326216904],[37.1008407730247,-3.390831101692594],[37.10082310323942,-3.399873093917165],[37.091825618690955,-3.399855270934533]]]}},{"type":"Feature","properties":{"value":0.35,"pixel_id":"288:9625"},"geometry":{"type":"Polygon","coordinates":[[[37.09184337206455,-3.390813326216904],[37.09186107788625,-3.381771379714654],[37.100858395481964,-3.3817891076842455],[37.1008407730247,-3.390831101692594],[37.09184337206455,-3.390813326216904]]]}},{"type":"Feature","properties":{"value":13.22,"pixel_id":"288:9626"},"geometry":{"type":"Polygon","coordinates":[[[37.09186107788625,-3.381771379714654],[37.09187873615824,-3.3727294314325245],[37.100875970613394,-3.372747111896858],[37.100858395481964,-3.3817891076842455],[37.09186107788625,-3.381771379714654]]]}},{"type":"Feature","properties":{"value":43.2,"pixel_id":"288:9627"},"geometry":{"type":"Polygon","coordinates":[[[37.09187873615824,-3.3727294314325245],[37.091896346882706,-3.363687481375254],[37.10089349842117,-3.363705114335169],[37.100875970613394,-3.372747111896858],[37.09187873615824,-3.3727294314325245]]]}},{"type":"Feature","properties":{"value":34.43,"pixel_id":"288:9628"},"geometry":{"type":"Polygon","coordinates":[[[37.094222351127684,-3.356888109957175],[37.09944321996719,-3.3546602518288884],[37.10091097890744,-3.3546631150039175],[37.10089349842117,-3.363705114335169],[37.091896346882706,-3.363687481375254],[37.091907640903216,-3.3578758553519057],[37.094222351127684,-3.356888109957175]]]}},{"type":"Feature","properties":{"value":0.0,"pixel_id":"288:9629"},"geometry":{"type":"Polygon","coordinates":[[[37.100678000492195,-3.3541333374056963],[37.10091220066059,-3.354030231329856],[37.10091097890744,-3.3546631150039175],[37.09944321996719,-3.3546602518288884],[37.100678000492195,-3.3541333374056963]]]}},{"type":"Feature","properties":{"value":82.65,"pixel_id":"289:9614"},"geometry":{"type":"Polygon","coordinates":[[[37.10129534072178,-3.4832984886024625],[37.100656693689736,-3.483870477963156],[37.100661945049396,-3.4812509428867826],[37.10195459448758,-3.481253557603701],[37.10129534072178,-3.4832984886024625]]]}},{"type":"Feature","properties":{"value":54.45,"pixel_id":"289:9615"},"geometry":{"type":"Polygon","coordinates":[[[37.102840378331734,-3.478505928063399],[37.10195459448758,-3.481253557603701],[37.100661945049396,-3.4812509428867826],[37.10068004088569,-3.4722089669293554],[37.10967824954969,-3.472227084088864],[37.10966637200369,-3.4781928531503845],[37.102840378331734,-3.478505928063399]]]}},{"type":"Feature","properties":{"value":1.48,"pixel_id":"289:9616"},"geometry":{"type":"Polygon","coordinates":[[[37.10068004088569,-3.4722089669293554],[37.10069808937411,-3.4631669891455226],[37.10969621265611,-3.4631850590154976],[37.10967824954969,-3.472227084088864],[37.10068004088569,-3.4722089669293554]]]}},{"type":"Feature","properties":{"value":16.16,"pixel_id":"289:9617"},"geometry":{"type":"Polygon","coordinates":[[[37.10069808937411,-3.4631669891455226],[37.10071609051691,-3.4541250095400198],[37.109714128640874,-3.454143032121318],[37.10969621265611,-3.4631850590154976],[37.10069808937411,-3.4631669891455226]]]}},{"type":"Feature","properties":{"value":0.0,"pixel_id":"289:9618"},"geometry":{"type":"Polygon","coordinates":[[[37.10071609051691,-3.4541250095400198],[37.10073404431629,-3.4450830281175824],[37.10973199750619,-3.44510100341106],[37.109714128640874,-3.454143032121318],[37.10071609051691,-3.4541250095400198]]]}},{"type":"Feature","properties":{"value":0.27,"pixel_id":"289:9619"},"geometry":{"type":"Polygon","coordinates":[[[37.10073404431629,-3.4450830281175824],[37.10075195077447,-3.4360410448829475],[37.109749819254255,-3.4360589728894584],[37.10973199750619,-3.44510100341106],[37.10073404431629,-3.4450830281175824]]]}},{"type":"Feature","properties":{"value":33.5,"pixel_id":"289:9620"},"geometry":{"type":"Polygon","coordinates":[[[37.10075195077447,-3.4360410448829475],[37.10076980989367,-3.4269990598408526],[37.109767593887284,-3.4270169405612463],[37.109749819254255,-3.4360589728894584],[37.10075195077447,-3.4360410448829475]]]}},{"type":"Feature","properties":{"value":16.29,"pixel_id":"289:9621"},"geometry":{"type":"Polygon","coordinates":[[[37.10076980989367,-3.4269990598408526],[37.1007876216761,-3.417957072996032],[37.10978532140748,-3.417974906431158],[37.109767593887284,-3.4270169405612463],[37.10076980989367,-3.4269990598408526]]]}},{"type":"Feature","properties":{"value":2.16,"pixel_id":"289:9622"},"geometry":{"type":"Polygon","coordinates":[[[37.1007876216761,-3.417957072996032],[37.10080538612395,-3.4089150843532243],[37.10980300181701,-3.408932870503929],[37.10978532140748,-3.417974906431158],[37.1007876216761,-3.417957072996032]]]}},{"type":"Feature","properties":{"value":10.47,"pixel_id":"289:9623"},"geometry":{"type":"Polygon","coordinates":[[[37.10080538612395,-3.4089150843532243],[37.10082310323942,-3.399873093917165],[37.10982063511808,-3.399890832784293],[37.10980300181701,-3.408932870503929],[37.10080538612395,-3.4089150843532243]]]}},{"type":"Feature","properties":{"value":0.18,"pixel_id":"289:9624"},"geometry":{"type":"Polygon","coordinates":[[[37.10082310323942,-3.399873093917165],[37.1008407730247,-3.390831101692594],[37.109838221312856,-3.3908487932769855],[37.10982063511808,-3.399890832784293],[37.10082310323942,-3.399873093917165]]]}},{"type":"Feature","properties":{"value":3.81,"pixel_id":"289:9625"},"geometry":{"type":"Polygon","coordinates":[[[37.1008407730247,-3.390831101692594],[37.100858395481964,-3.3817891076842455],[37.10985576040351,-3.3818067519867423],[37.109838221312856,-3.3908487932769855],[37.1008407730247,-3.390831101692594]]]}},{"type":"Feature","properties":{"value":15.0,"pixel_id":"289:9626"},"geometry":{"type":"Polygon","coordinates":[[[37.100858395481964,-3.3817891076842455],[37.100875970613394,-3.372747111896858],[37.10987325239222,-3.3727647089182966],[37.10985576040351,-3.3818067519867423],[37.100858395481964,-3.3817891076842455]]]}},{"type":"Feature","properties":{"value":12.42,"pixel_id":"289:9627"},"geometry":{"type":"Polygon","coordinates":[[[37.100875970613394,-3.372747111896858],[37.10089349842117,-3.363705114335169],[37.10989069728113,-3.3637226640763846],[37.10987325239222,-3.3727647089182966],[37.100875970613394,-3.372747111896858]]]}},{"type":"Feature","properties":{"value":6.37,"pixel_id":"289:9628"},"geometry":{"type":"Polygon","coordinates":[[[37.10089349842117,-3.363705114335169],[37.10091097890744,-3.3546631150039175],[37.109908095072406,-3.3546806174657435],[37.10989069728113,-3.3637226640763846],[37.10089349842117,-3.363705114335169]]]}},{"type":"Feature","properties":{"value":0.0,"pixel_id":"289:9629"},"geometry":{"type":"Polygon","coordinates":[[[37.10325016550984,-3.35300094257713],[37.10555297787605,-3.351547953354891],[37.10637650841277,-3.3510283346858607],[37.10660767188486,-3.3508824779039856],[37.108005035445274,-3.3500556647202426],[37.10868211813278,-3.3496551413243587],[37.10966558382438,-3.3490733743952097],[37.10991909163966,-3.3489527749122274],[37.109908095072406,-3.3546806174657435],[37.10091097890744,-3.3546631150039175],[37.10091220066059,-3.354030231329856],[37.10325016550984,-3.35300094257713]]]}},{"type":"Feature","properties":{"value":29.57,"pixel_id":"289:9639"},"geometry":{"type":"Polygon","coordinates":[[[37.109670031383374,-3.2639991283750884],[37.109209995143196,-3.263859731386242],[37.10854291070481,-3.2628767559315897],[37.10756044663475,-3.2617878864683223],[37.106611838271135,-3.2607352847321964],[37.105944745747884,-3.260243789709942],[37.103963123316575,-3.2599938599375418],[37.10259868750286,-3.259532306985891],[37.10341680389338,-3.258312950296992],[37.10326211400143,-3.2568994212796323],[37.10337364704065,-3.255205306302435],[37.11009636294276,-3.255217989366952],[37.11007973879101,-3.264123268432316],[37.109670031383374,-3.2639991283750884]]]}},{"type":"Feature","properties":{"value":5.61,"pixel_id":"289:9640"},"geometry":{"type":"Polygon","coordinates":[[[37.103381688748904,-3.2550831567441625],[37.10356354189839,-3.253294814454159],[37.10415128982585,-3.2475335127354445],[37.10494929293716,-3.2464013053864913],[37.10483463677656,-3.2461659947972463],[37.110113195728324,-3.246175921900963],[37.11009636294276,-3.255217989366952],[37.10337364704065,-3.255205306302435],[37.103381688748904,-3.2550831567441625]]]}},{"type":"Feature","properties":{"value":24.44,"pixel_id":"289:9641"},"geometry":{"type":"Polygon","coordinates":[[[37.10468076224421,-3.245850195678302],[37.10538669342877,-3.245338220952978],[37.10613153064829,-3.2435564749169177],[37.10559362304943,-3.2431470045504063],[37.106857593078345,-3.242093807947575],[37.10771438823005,-3.242206353858134],[37.1073583122211,-3.2414112006428577],[37.10807036003443,-3.241089204506109],[37.10824620255634,-3.240052019647273],[37.10993197652693,-3.2390367634791497],[37.109340373928596,-3.2372762118724494],[37.10933994363558,-3.237274948705508],[37.10928021328607,-3.2371322609247706],[37.11012998144373,-3.2371338527278204],[37.110113195728324,-3.246175921900963],[37.10483463677656,-3.2461659947972463],[37.10468076224421,-3.245850195678302]]]}},{"type":"Feature","properties":{"value":22.92,"pixel_id":"289:9642"},"geometry":{"type":"Polygon","coordinates":[[[37.10885887334304,-3.236125736088269],[37.10885887244474,-3.23514276486027],[37.108577990814965,-3.2344757388326135],[37.10822689057437,-3.233773608115154],[37.10696291605384,-3.2322289379444915],[37.109420624924496,-3.2282898880701465],[37.10930426193798,-3.228090208148589],[37.11014672009104,-3.228091781852259],[37.11012998144373,-3.2371338527278204],[37.10928021328607,-3.2371322609247706],[37.10885887334304,-3.236125736088269]]]}},{"type":"Feature","properties":{"value":56.66,"pixel_id":"289:9643"},"geometry":{"type":"Polygon","coordinates":[[[37.108432188854465,-3.226593721707947],[37.10940977417419,-3.224926352858656],[37.110153598385,-3.2243687977651905],[37.11014672009104,-3.228091781852259],[37.10930426193798,-3.228090208148589],[37.108432188854465,-3.226593721707947]]]}},{"type":"Feature","properties":{"value":32.59,"pixel_id":"290:9614"},"geometry":{"type":"Polygon","coordinates":[[[37.11178161937505,-3.4829764289549905],[37.11148116933449,-3.481272772675252],[37.11811582013869,-3.481286097649601],[37.11178161937505,-3.4829764289549905]]]}},{"type":"Feature","properties":{"value":43.16,"pixel_id":"290:9615"},"geometry":{"type":"Polygon","coordinates":[[[37.11811582013869,-3.481286097649601],[37.11148116933449,-3.481272772675252],[37.11092780124022,-3.4781349919746622],[37.10966637200369,-3.4781928531503845],[37.10967824954969,-3.472227084088864],[37.11867650533757,-3.4722451153368334],[37.11865887052794,-3.481141177799206],[37.11811582013869,-3.481286097649601]]]}},{"type":"Feature","properties":{"value":6.64,"pixel_id":"290:9616"},"geometry":{"type":"Polygon","coordinates":[[[37.10967824954969,-3.472227084088864],[37.10969621265611,-3.4631850590154976],[37.11869438305977,-3.463203043198178],[37.11867650533757,-3.4722451153368334],[37.10967824954969,-3.472227084088864]]]}},{"type":"Feature","properties":{"value":4.08,"pixel_id":"290:9617"},"geometry":{"type":"Polygon","coordinates":[[[37.10969621265611,-3.4631850590154976],[37.109714128640874,-3.454143032121318],[37.11871221388429,-3.454160969239563],[37.11869438305977,-3.463203043198178],[37.10969621265611,-3.4631850590154976]]]}},{"type":"Feature","properties":{"value":2.91,"pixel_id":"290:9618"},"geometry":{"type":"Polygon","coordinates":[[[37.109714128640874,-3.454143032121318],[37.10973199750619,-3.44510100341106],[37.11872999781332,-3.4451188934657218],[37.11871221388429,-3.454160969239563],[37.109714128640874,-3.454143032121318]]]}},{"type":"Feature","properties":{"value":6.42,"pixel_id":"290:9619"},"geometry":{"type":"Polygon","coordinates":[[[37.10973199750619,-3.44510100341106],[37.109749819254255,-3.4360589728894584],[37.11874773484907,-3.436076815881385],[37.11872999781332,-3.4451188934657218],[37.10973199750619,-3.44510100341106]]]}},{"type":"Feature","properties":{"value":20.46,"pixel_id":"290:9620"},"geometry":{"type":"Polygon","coordinates":[[[37.109749819254255,-3.4360589728894584],[37.109767593887284,-3.4270169405612463],[37.11876542499375,-3.4270347364912856],[37.11874773484907,-3.436076815881385],[37.109749819254255,-3.4360589728894584]]]}},{"type":"Feature","properties":{"value":22.28,"pixel_id":"290:9621"},"geometry":{"type":"Polygon","coordinates":[[[37.109767593887284,-3.4270169405612463],[37.10978532140748,-3.417974906431158],[37.118783068249506,-3.4179926553001545],[37.11876542499375,-3.4270347364912856],[37.109767593887284,-3.4270169405612463]]]}},{"type":"Feature","properties":{"value":26.51,"pixel_id":"290:9622"},"geometry":{"type":"Polygon","coordinates":[[[37.10978532140748,-3.417974906431158],[37.10980300181701,-3.408932870503929],[37.11880066461854,-3.408950572312725],[37.118783068249506,-3.4179926553001545],[37.10978532140748,-3.417974906431158]]]}},{"type":"Feature","properties":{"value":1.98,"pixel_id":"290:9623"},"geometry":{"type":"Polygon","coordinates":[[[37.10980300181701,-3.408932870503929],[37.10982063511808,-3.399890832784293],[37.11881821410303,-3.3999084875337298],[37.11880066461854,-3.408950572312725],[37.10980300181701,-3.408932870503929]]]}},{"type":"Feature","properties":{"value":0.53,"pixel_id":"290:9624"},"geometry":{"type":"Polygon","coordinates":[[[37.10982063511808,-3.399890832784293],[37.109838221312856,-3.3908487932769855],[37.11883571670513,-3.3908664009678997],[37.11881821410303,-3.3999084875337298],[37.10982063511808,-3.399890832784293]]]}},{"type":"Feature","properties":{"value":10.37,"pixel_id":"290:9625"},"geometry":{"type":"Polygon","coordinates":[[[37.109838221312856,-3.3908487932769855],[37.10985576040351,-3.3818067519867423],[37.11885317242701,-3.38182431261997],[37.11883571670513,-3.3908664009678997],[37.109838221312856,-3.3908487932769855]]]}},{"type":"Feature","properties":{"value":13.19,"pixel_id":"290:9626"},"geometry":{"type":"Polygon","coordinates":[[[37.10985576040351,-3.3818067519867423],[37.10987325239222,-3.3727647089182966],[37.118870581270826,-3.372782222494671],[37.11885317242701,-3.38182431261997],[37.10985576040351,-3.3818067519867423]]]}},{"type":"Feature","properties":{"value":8.88,"pixel_id":"290:9627"},"geometry":{"type":"Polygon","coordinates":[[[37.10987325239222,-3.3727647089182966],[37.10989069728113,-3.3637226640763846],[37.118887943238725,-3.363740130596738],[37.118870581270826,-3.372782222494671],[37.10987325239222,-3.3727647089182966]]]}},{"type":"Feature","properties":{"value":2.59,"pixel_id":"290:9628"},"geometry":{"type":"Polygon","coordinates":[[[37.10989069728113,-3.3637226640763846],[37.109908095072406,-3.3546806174657435],[37.11890525833286,-3.3546980369309027],[37.118887943238725,-3.363740130596738],[37.10989069728113,-3.3637226640763846]]]}},{"type":"Feature","properties":{"value":0.82,"pixel_id":"290:9629"},"geometry":{"type":"Polygon","coordinates":[[[37.11069268787583,-3.3485847567115266],[37.112158203921936,-3.34797259800192],[37.11329527793384,-3.347572891684574],[37.11394243594263,-3.347372889500941],[37.11498601599469,-3.3470521297306135],[37.11688120702097,-3.3465496231501355],[37.118853663941465,-3.346028736960435],[37.1188313893273,-3.3456557659409993],[37.11892252655536,-3.3456559415018994],[37.11890525833286,-3.3546980369309027],[37.109908095072406,-3.3546806174657435],[37.10991909163966,-3.3489527749122274],[37.11069268787583,-3.3485847567115266]]]}},{"type":"Feature","properties":{"value":47.39,"pixel_id":"290:9630"},"geometry":{"type":"MultiPolygon","coordinates":[[[[37.118541654788764,-3.34517146610668],[37.118034988798854,-3.344857845013898],[37.1181705733213,-3.344466525404063],[37.1181705733213,-3.3438895790622585],[37.118306157843776,-3.3431219896447906],[37.11832891845815,-3.3426360484953803],[37.1186383692089,-3.3413928300238886],[37.11893176835351,-3.3408065815727386],[37.11892252655536,-3.3456559415018994],[37.1188313893273,-3.3456557659409993],[37.118829090526866,-3.3456172743824744],[37.118736628731284,-3.345384330145144],[37.118541654788764,-3.34517146610668]]],[[[37.118932277403644,-3.340539266867874],[37.11874371464225,-3.3398799154050245],[37.11893469959074,-3.3392670221985723],[37.118932277403644,-3.340539266867874]]]]}},{"type":"Feature","properties":{"value":16.82,"pixel_id":"290:9636"},"geometry":{"type":"Polygon","coordinates":[[[37.118897981427665,-3.28295525930025],[37.118569941838764,-3.2824039992716694],[37.11856746363432,-3.282360327419863],[37.11904209188556,-3.282361224527797],[37.11904006788845,-3.2834428842430126],[37.118897981427665,-3.28295525930025]]]}},{"type":"Feature","properties":{"value":2.69,"pixel_id":"290:9637"},"geometry":{"type":"MultiPolygon","coordinates":[[[[37.11904209188556,-3.282361224527797],[37.11856746363432,-3.282360327419863],[37.11851509969066,-3.2814375538811746],[37.1190449202988,-3.2808490700022763],[37.11904209188556,-3.282361224527797]]],[[[37.1188699521942,-3.278877480546154],[37.11886840439695,-3.278874985015614],[37.118373785713295,-3.2780777990188565],[37.11742580976364,-3.2764278036991734],[37.11744135960123,-3.2757020925041336],[37.11748647956394,-3.273316150241345],[37.119058985211296,-3.2733191151638663],[37.119048055675485,-3.2791719841980913],[37.11901033192362,-3.2791040347859197],[37.11887272529347,-3.2788819560688696],[37.1188699521942,-3.278877480546154]]]]}},{"type":"Feature","properties":{"value":19.46,"pixel_id":"290:9638"},"geometry":{"type":"Polygon","coordinates":[[[37.11749601579806,-3.272811851040278],[37.116021394428245,-3.270986316027554],[37.11545963566028,-3.2699331344839173],[37.11507342117355,-3.2684937771280507],[37.11377433689845,-3.2668788806333837],[37.11366111952823,-3.2665761593086406],[37.1122377236892,-3.2659261176703844],[37.11136837817468,-3.26657320508379],[37.110939951852735,-3.265917937568058],[37.11088700964146,-3.2651734215692687],[37.110890567868324,-3.264533205079146],[37.11044950482905,-3.2642607538295216],[37.11907583168438,-3.2642770040793754],[37.119058985211296,-3.2733191151638663],[37.11748647956394,-3.273316150241345],[37.11749601579806,-3.272811851040278]]]}},{"type":"Feature","properties":{"value":16.17,"pixel_id":"290:9639"},"geometry":{"type":"Polygon","coordinates":[[[37.110368646688244,-3.264210806517304],[37.11007973879101,-3.264123268432316],[37.11009636294276,-3.255217989366952],[37.1190926313069,-3.255234891279058],[37.11907583168438,-3.2642770040793754],[37.11044950482905,-3.2642607538295216],[37.110368646688244,-3.264210806517304]]]}},{"type":"Feature","properties":{"value":21.69,"pixel_id":"290:9640"},"geometry":{"type":"Polygon","coordinates":[[[37.11009636294276,-3.255217989366952],[37.110113195728324,-3.246175921900963],[37.11910938408092,-3.2461927767676486],[37.1190926313069,-3.255234891279058],[37.11009636294276,-3.255217989366952]]]}},{"type":"Feature","properties":{"value":17.63,"pixel_id":"290:9641"},"geometry":{"type":"Polygon","coordinates":[[[37.110113195728324,-3.246175921900963],[37.11012998144373,-3.2371338527278204],[37.11912609000853,-3.2371506605498843],[37.11910938408092,-3.2461927767676486],[37.110113195728324,-3.246175921900963]]]}},{"type":"Feature","properties":{"value":27.5,"pixel_id":"290:9642"},"geometry":{"type":"Polygon","coordinates":[[[37.11012998144373,-3.2371338527278204],[37.11014672009104,-3.228091781852259],[37.119142749091765,-3.2281085426304994],[37.11912609000853,-3.2371506605498843],[37.11012998144373,-3.2371338527278204]]]}},{"type":"Feature","properties":{"value":63.18,"pixel_id":"290:9643"},"geometry":{"type":"Polygon","coordinates":[[[37.11125010778098,-3.223546874426936],[37.11249350818657,-3.223525589004429],[37.11245116609565,-3.222229947537806],[37.11338683153265,-3.221896351728996],[37.11372103625936,-3.22255266936659],[37.1149342353051,-3.2222188027888063],[37.11576545092906,-3.2218153488859964],[37.11681524462798,-3.221307807850149],[37.1175692814943,-3.220360417997731],[37.118479065569666,-3.2192044862983744],[37.118618147609,-3.219065419737459],[37.11915936133271,-3.219066423014229],[37.119142749091765,-3.2281085426304994],[37.11014672009104,-3.228091781852259],[37.110153598385,-3.2243687977651905],[37.11125010778098,-3.223546874426936]]]}},{"type":"Feature","properties":{"value":100.0,"pixel_id":"290:9644"},"geometry":{"type":"Polygon","coordinates":[[[37.11916035772696,-3.218523269204511],[37.11915936133271,-3.219066423014229],[37.118618147609,-3.219065419737459],[37.11916035772696,-3.218523269204511]]]}},{"type":"Feature","properties":{"value":31.57,"pixel_id":"291:9614"},"geometry":{"type":"Polygon","coordinates":[[[37.127534957694365,-3.4819653898733978],[37.12330231526453,-3.482390473337194],[37.11934292446025,-3.4812885570181056],[37.127656969013685,-3.481305177826895],[37.12765556355388,-3.4820165637505407],[37.127534957694365,-3.4819653898733978]]]}},{"type":"Feature","properties":{"value":52.21,"pixel_id":"291:9615"},"geometry":{"type":"Polygon","coordinates":[[[37.118737740845624,-3.481120130225587],[37.11865887052794,-3.481141177799206],[37.11867650533757,-3.4722451153368334],[37.12767480802535,-3.4722630606710396],[37.127656969013685,-3.481305177826895],[37.11934292446025,-3.4812885570181056],[37.118737740845624,-3.481120130225587]]]}},{"type":"Feature","properties":{"value":26.7,"pixel_id":"291:9616"},"geometry":{"type":"Polygon","coordinates":[[[37.11867650533757,-3.4722451153368334],[37.11869438305977,-3.463203043198178],[37.1276926003611,-3.4632209416913464],[37.12767480802535,-3.4722630606710396],[37.11867650533757,-3.4722451153368334]]]}},{"type":"Feature","properties":{"value":27.65,"pixel_id":"291:9617"},"geometry":{"type":"Polygon","coordinates":[[[37.11869438305977,-3.463203043198178],[37.11871221388429,-3.454160969239563],[37.12771034602318,-3.454178820892544],[37.1276926003611,-3.4632209416913464],[37.11869438305977,-3.463203043198178]]]}},{"type":"Feature","properties":{"value":2.88,"pixel_id":"291:9618"},"geometry":{"type":"Polygon","coordinates":[[[37.11871221388429,-3.454160969239563],[37.11872999781332,-3.4451188934657218],[37.12772804501374,-3.445136698279362],[37.12771034602318,-3.454178820892544],[37.11871221388429,-3.454160969239563]]]}},{"type":"Feature","properties":{"value":9.4,"pixel_id":"291:9619"},"geometry":{"type":"Polygon","coordinates":[[[37.11872999781332,-3.4451188934657218],[37.11874773484907,-3.436076815881385],[37.12774569733499,-3.4360945738565305],[37.12772804501374,-3.445136698279362],[37.11872999781332,-3.4451188934657218]]]}},{"type":"Feature","properties":{"value":24.73,"pixel_id":"291:9620"},"geometry":{"type":"Polygon","coordinates":[[[37.11874773484907,-3.436076815881385],[37.11876542499375,-3.4270347364912856],[37.12776330298911,-3.4270524476287774],[37.12774569733499,-3.4360945738565305],[37.11874773484907,-3.436076815881385]]]}},{"type":"Feature","properties":{"value":59.5,"pixel_id":"291:9621"},"geometry":{"type":"Polygon","coordinates":[[[37.11876542499375,-3.4270347364912856],[37.118783068249506,-3.4179926553001545],[37.12778086197826,-3.4180103196008345],[37.12776330298911,-3.4270524476287774],[37.11876542499375,-3.4270347364912856]]]}},{"type":"Feature","properties":{"value":23.89,"pixel_id":"291:9622"},"geometry":{"type":"Polygon","coordinates":[[[37.118783068249506,-3.4179926553001545],[37.11880066461854,-3.408950572312725],[37.127798374304625,-3.4089681897774318],[37.12778086197826,-3.4180103196008345],[37.118783068249506,-3.4179926553001545]]]}},{"type":"Feature","properties":{"value":1.21,"pixel_id":"291:9623"},"geometry":{"type":"Polygon","coordinates":[[[37.11880066461854,-3.408950572312725],[37.11881821410303,-3.3999084875337298],[37.12781583997036,-3.399926058163298],[37.127798374304625,-3.4089681897774318],[37.11880066461854,-3.408950572312725]]]}},{"type":"Feature","properties":{"value":8.15,"pixel_id":"291:9624"},"geometry":{"type":"Polygon","coordinates":[[[37.11881821410303,-3.3999084875337298],[37.11883571670513,-3.3908664009678997],[37.127833258977624,-3.390883924763166],[37.12781583997036,-3.399926058163298],[37.11881821410303,-3.3999084875337298]]]}},{"type":"Feature","properties":{"value":2.25,"pixel_id":"291:9625"},"geometry":{"type":"Polygon","coordinates":[[[37.11883571670513,-3.3908664009678997],[37.11885317242701,-3.38182431261997],[37.12785063132858,-3.3818417895817636],[37.127833258977624,-3.390883924763166],[37.11883571670513,-3.3908664009678997]]]}},{"type":"Feature","properties":{"value":3.41,"pixel_id":"291:9626"},"geometry":{"type":"Polygon","coordinates":[[[37.11885317242701,-3.38182431261997],[37.118870581270826,-3.372782222494671],[37.12786795702535,-3.3727996526238226],[37.12785063132858,-3.3818417895817636],[37.11885317242701,-3.38182431261997]]]}},{"type":"Feature","properties":{"value":1.05,"pixel_id":"291:9627"},"geometry":{"type":"Polygon","coordinates":[[[37.118870581270826,-3.372782222494671],[37.118887943238725,-3.363740130596738],[37.12788523607009,-3.363757513894075],[37.12786795702535,-3.3727996526238226],[37.118870581270826,-3.372782222494671]]]}},{"type":"Feature","properties":{"value":0.98,"pixel_id":"291:9628"},"geometry":{"type":"Polygon","coordinates":[[[37.118887943238725,-3.363740130596738],[37.11890525833286,-3.3546980369309027],[37.12790246846493,-3.35471537339725],[37.12788523607009,-3.363757513894075],[37.118887943238725,-3.363740130596738]]]}},{"type":"Feature","properties":{"value":5.35,"pixel_id":"291:9629"},"geometry":{"type":"Polygon","coordinates":[[[37.11890525833286,-3.3546980369309027],[37.11892252655536,-3.3456559415018994],[37.12791965421201,-3.345673231138079],[37.12790246846493,-3.35471537339725],[37.11890525833286,-3.3546980369309027]]]}},{"type":"Feature","properties":{"value":7.99,"pixel_id":"291:9630"},"geometry":{"type":"Polygon","coordinates":[[[37.118980740519866,-3.3407087288904562],[37.118932277403644,-3.340539266867874],[37.11893469959074,-3.3392670221985723],[37.11896098836339,-3.3391826583070316],[37.11988934061565,-3.338380155136487],[37.120896701493805,-3.3373803139691796],[37.121614362879335,-3.3368409250558093],[37.12200182974621,-3.336619722060719],[37.12793679331344,-3.3366310871212947],[37.12791965421201,-3.345673231138079],[37.11892252655536,-3.3456559415018994],[37.11893176835351,-3.3408065815727386],[37.118980740519866,-3.3407087288904562]]]}},{"type":"Feature","properties":{"value":2.38,"pixel_id":"291:9631"},"geometry":{"type":"Polygon","coordinates":[[[37.12235177731967,-3.3364199383784148],[37.12318136878961,-3.336091042409523],[37.124471843611026,-3.3349135939266956],[37.12520267340031,-3.3338940162828803],[37.125683309806554,-3.332598162146685],[37.126223202682176,-3.330901051068532],[37.127046209501096,-3.329914359023892],[37.12724373106578,-3.3283948485351376],[37.1276313709019,-3.327588326350256],[37.12795388577134,-3.327588941351627],[37.12793679331344,-3.3366310871212947],[37.12200182974621,-3.336619722060719],[37.12235177731967,-3.3364199383784148]]]}},{"type":"Feature","properties":{"value":0.0,"pixel_id":"291:9632"},"geometry":{"type":"Polygon","coordinates":[[[37.1276674609954,-3.327513237295488],[37.127954593376366,-3.327214075828918],[37.12795388577134,-3.327588941351627],[37.1276313709019,-3.327588326350256],[37.1276674609954,-3.327513237295488]]]}},{"type":"Feature","properties":{"value":0.0,"pixel_id":"291:9633"},"geometry":{"type":"Polygon","coordinates":[[[37.127852217137914,-3.309504387198814],[37.12798793076498,-3.30950464457257],[37.127987540078664,-3.309712736119483],[37.127852217137914,-3.309504387198814]]]}},{"type":"Feature","properties":{"value":8.82,"pixel_id":"291:9634"},"geometry":{"type":"Polygon","coordinates":[[[37.12731963960558,-3.30868440780419],[37.12494441494263,-3.3050306244631145],[37.1242248958411,-3.3005190568673526],[37.124187391977316,-3.3004552665607627],[37.128004883304925,-3.300462493572644],[37.12798793076498,-3.30950464457257],[37.127852217137914,-3.309504387198814],[37.12731963960558,-3.30868440780419]]]}},{"type":"Feature","properties":{"value":16.63,"pixel_id":"291:9635"},"geometry":{"type":"Polygon","coordinates":[[[37.12288084908939,-3.29823296558793],[37.12282475648643,-3.2981376470398622],[37.12208258905995,-3.2959435997490054],[37.12118809790401,-3.2939835713070167],[37.12118805298822,-3.2939834701872144],[37.12077456205621,-3.293021657887577],[37.12041367377228,-3.292198881927737],[37.120062482647946,-3.2914052974593577],[37.128021789209754,-3.2914203408387626],[37.128004883304925,-3.300462493572644],[37.124187391977316,-3.3004552665607627],[37.12288084908939,-3.29823296558793]]]}},{"type":"Feature","properties":{"value":8.59,"pixel_id":"291:9636"},"geometry":{"type":"Polygon","coordinates":[[[37.119907030240235,-3.2910540224547256],[37.119437029886946,-3.288357459801064],[37.119332748058895,-3.2877857277129223],[37.11906694554946,-3.28628735370007],[37.11907338108017,-3.2851572699328293],[37.11907358499774,-3.285121487646961],[37.11912910896714,-3.2837484633327194],[37.11904006788845,-3.2834428842430126],[37.11904209188556,-3.282361224527797],[37.12803864848155,-3.282378186375658],[37.128021789209754,-3.2914203408387626],[37.120062482647946,-3.2914052974593577],[37.119907030240235,-3.2910540224547256]]]}},{"type":"Feature","properties":{"value":20.25,"pixel_id":"291:9637"},"geometry":{"type":"Polygon","coordinates":[[[37.11945248540141,-3.2803963771757596],[37.1193627293315,-3.2797387858096574],[37.119048055675485,-3.2791719841980913],[37.119058985211296,-3.2733191151638663],[37.12805546112239,-3.2733360301880623],[37.12803864848155,-3.282378186375658],[37.11904209188556,-3.282361224527797],[37.1190449202988,-3.2808490700022763],[37.11945248540141,-3.2803963771757596]]]}},{"type":"Feature","properties":{"value":34.74,"pixel_id":"291:9638"},"geometry":{"type":"Polygon","coordinates":[[[37.119058985211296,-3.2733191151638663],[37.11907583168438,-3.2642770040793754],[37.12807222713436,-3.2642938722807084],[37.12805546112239,-3.2733360301880623],[37.119058985211296,-3.2733191151638663]]]}},{"type":"Feature","properties":{"value":46.29,"pixel_id":"291:9639"},"geometry":{"type":"Polygon","coordinates":[[[37.11907583168438,-3.2642770040793754],[37.1190926313069,-3.255234891279058],[37.128088946519526,-3.255251712658328],[37.12807222713436,-3.2642938722807084],[37.11907583168438,-3.2642770040793754]]]}},{"type":"Feature","properties":{"value":73.87,"pixel_id":"291:9640"},"geometry":{"type":"Polygon","coordinates":[[[37.1190926313069,-3.255234891279058],[37.11910938408092,-3.2461927767676486],[37.12810561927995,-3.2462095513256553],[37.128088946519526,-3.255251712658328],[37.1190926313069,-3.255234891279058]]]}},{"type":"Feature","properties":{"value":17.85,"pixel_id":"291:9641"},"geometry":{"type":"Polygon","coordinates":[[[37.11910938408092,-3.2461927767676486],[37.11912609000853,-3.2371506605498843],[37.12812224541769,-3.2371673882874217],[37.12810561927995,-3.2462095513256553],[37.11910938408092,-3.2461927767676486]]]}},{"type":"Feature","properties":{"value":6.94,"pixel_id":"291:9642"},"geometry":{"type":"Polygon","coordinates":[[[37.11912609000853,-3.2371506605498843],[37.119142749091765,-3.2281085426304994],[37.1281388249348,-3.2281252235483624],[37.12812224541769,-3.2371673882874217],[37.11912609000853,-3.2371506605498843]]]}},{"type":"Feature","properties":{"value":54.86,"pixel_id":"291:9643"},"geometry":{"type":"Polygon","coordinates":[[[37.119142749091765,-3.2281085426304994],[37.11915936133271,-3.219066423014229],[37.128155357833336,-3.219083057113209],[37.1281388249348,-3.2281252235483624],[37.119142749091765,-3.2281085426304994]]]}},{"type":"Feature","properties":{"value":85.57,"pixel_id":"291:9644"},"geometry":{"type":"Polygon","coordinates":[[[37.119216385686876,-3.218467247332947],[37.119733952732766,-3.21760668998349],[37.1199382368149,-3.2166566203717615],[37.12017060582606,-3.215728939729989],[37.12033991310431,-3.21435980977038],[37.12146032516431,-3.2145209660932315],[37.12243097908333,-3.2141470429696715],[37.12329274551181,-3.2139229272213266],[37.12441610943584,-3.2139495771425963],[37.12518550569691,-3.213895470984548],[37.125903549764736,-3.213543356961492],[37.12633061783397,-3.2130091184654996],[37.12687706481795,-3.2123734861319027],[37.12779826648055,-3.2119365097194623],[37.128168997794866,-3.211603827311322],[37.128155357833336,-3.219083057113209],[37.11915936133271,-3.219066423014229],[37.11916035772696,-3.218523269204511],[37.119216385686876,-3.218467247332947]]]}},{"type":"Feature","properties":{"value":86.14,"pixel_id":"292:9614"},"geometry":{"type":"Polygon","coordinates":[[[37.136368786280805,-3.4875576292156643],[37.13650022328162,-3.4867888346750298],[37.13609649344348,-3.486313158378465],[37.13516717819722,-3.486255611138106],[37.13392571186446,-3.4855539789951875],[37.132536697246266,-3.4849820056303904],[37.13215318219698,-3.484991678693041],[37.13235038575803,-3.4840085940612737],[37.12817172399194,-3.4822355739037816],[37.12765556355388,-3.4820165637505407],[37.127656969013685,-3.481305177826895],[37.136655403989984,-3.4813230838627556],[37.13664284318151,-3.487706308855466],[37.136368786280805,-3.4875576292156643]]]}},{"type":"Feature","properties":{"value":72.2,"pixel_id":"292:9615"},"geometry":{"type":"Polygon","coordinates":[[[37.127656969013685,-3.481305177826895],[37.12767480802535,-3.4722630606710396],[37.136673157389005,-3.472280920089272],[37.136655403989984,-3.4813230838627556],[37.127656969013685,-3.481305177826895]]]}},{"type":"Feature","properties":{"value":50.22,"pixel_id":"292:9616"},"geometry":{"type":"Polygon","coordinates":[[[37.12767480802535,-3.4722630606710396],[37.1276926003611,-3.4632209416913464],[37.13669086433614,-3.463238754492797],[37.136673157389005,-3.472280920089272],[37.12767480802535,-3.4722630606710396]]]}},{"type":"Feature","properties":{"value":57.19,"pixel_id":"292:9617"},"geometry":{"type":"Polygon","coordinates":[[[37.1276926003611,-3.4632209416913464],[37.12771034602318,-3.454178820892544],[37.13670852483356,-3.4541965870780587],[37.13669086433614,-3.463238754492797],[37.1276926003611,-3.4632209416913464]]]}},{"type":"Feature","properties":{"value":11.33,"pixel_id":"292:9618"},"geometry":{"type":"Polygon","coordinates":[[[37.12771034602318,-3.454178820892544],[37.12772804501374,-3.445136698279362],[37.136726138883475,-3.445154417849786],[37.13670852483356,-3.4541965870780587],[37.12771034602318,-3.454178820892544]]]}},{"type":"Feature","properties":{"value":18.17,"pixel_id":"292:9619"},"geometry":{"type":"Polygon","coordinates":[[[37.12772804501374,-3.445136698279362],[37.12774569733499,-3.4360945738565305],[37.13674370648803,-3.4361122468127023],[37.136726138883475,-3.445154417849786],[37.12772804501374,-3.445136698279362]]]}},{"type":"Feature","properties":{"value":48.3,"pixel_id":"292:9620"},"geometry":{"type":"Polygon","coordinates":[[[37.12774569733499,-3.4360945738565305],[37.12776330298911,-3.4270524476287774],[37.13676122764942,-3.4270700739715387],[37.13674370648803,-3.4361122468127023],[37.12774569733499,-3.4360945738565305]]]}},{"type":"Feature","properties":{"value":23.54,"pixel_id":"292:9621"},"geometry":{"type":"Polygon","coordinates":[[[37.12776330298911,-3.4270524476287774],[37.12778086197826,-3.4180103196008345],[37.1367787023698,-3.41802789933102],[37.13676122764942,-3.4270700739715387],[37.12776330298911,-3.4270524476287774]]]}},{"type":"Feature","properties":{"value":12.47,"pixel_id":"292:9622"},"geometry":{"type":"Polygon","coordinates":[[[37.12778086197826,-3.4180103196008345],[37.127798374304625,-3.4089681897774318],[37.13679613065133,-3.408985722895876],[37.1367787023698,-3.41802789933102],[37.12778086197826,-3.4180103196008345]]]}},{"type":"Feature","properties":{"value":13.05,"pixel_id":"292:9623"},"geometry":{"type":"Polygon","coordinates":[[[37.127798374304625,-3.4089681897774318],[37.12781583997036,-3.399926058163298],[37.13681351249616,-3.3999435446708346],[37.13679613065133,-3.408985722895876],[37.127798374304625,-3.4089681897774318]]]}},{"type":"Feature","properties":{"value":32.31,"pixel_id":"292:9624"},"geometry":{"type":"Polygon","coordinates":[[[37.12781583997036,-3.399926058163298],[37.127833258977624,-3.390883924763166],[37.13683084790644,-3.390901364660623],[37.13681351249616,-3.3999435446708346],[37.12781583997036,-3.399926058163298]]]}},{"type":"Feature","properties":{"value":31.29,"pixel_id":"292:9625"},"geometry":{"type":"Polygon","coordinates":[[[37.127833258977624,-3.390883924763166],[37.12785063132858,-3.3818417895817636],[37.13684813688431,-3.3818591828699702],[37.13683084790644,-3.390901364660623],[37.127833258977624,-3.390883924763166]]]}},{"type":"Feature","properties":{"value":19.63,"pixel_id":"292:9626"},"geometry":{"type":"Polygon","coordinates":[[[37.12785063132858,-3.3818417895817636],[37.12786795702535,-3.3727996526238226],[37.1368653794319,-3.372816999303604],[37.13684813688431,-3.3818591828699702],[37.12785063132858,-3.3818417895817636]]]}},{"type":"Feature","properties":{"value":1.95,"pixel_id":"292:9627"},"geometry":{"type":"Polygon","coordinates":[[[37.12786795702535,-3.3727996526238226],[37.12788523607009,-3.363757513894075],[37.136882575551354,-3.363774813966254],[37.1368653794319,-3.372816999303604],[37.12786795702535,-3.3727996526238226]]]}},{"type":"Feature","properties":{"value":1.12,"pixel_id":"292:9628"},"geometry":{"type":"Polygon","coordinates":[[[37.12788523607009,-3.363757513894075],[37.12790246846493,-3.35471537339725],[37.13689972524479,-3.3547326268626483],[37.136882575551354,-3.363774813966254],[37.12788523607009,-3.363757513894075]]]}},{"type":"Feature","properties":{"value":0.0,"pixel_id":"292:9629"},"geometry":{"type":"Polygon","coordinates":[[[37.12790246846493,-3.35471537339725],[37.12791965421201,-3.345673231138079],[37.136916828514316,-3.3456904379975154],[37.13689972524479,-3.3547326268626483],[37.12790246846493,-3.35471537339725]]]}},{"type":"Feature","properties":{"value":0.0,"pixel_id":"292:9630"},"geometry":{"type":"Polygon","coordinates":[[[37.12791965421201,-3.345673231138079],[37.12793679331344,-3.3366310871212947],[37.13693388536206,-3.3366482473755847],[37.136916828514316,-3.3456904379975154],[37.12791965421201,-3.345673231138079]]]}},{"type":"Feature","properties":{"value":0.0,"pixel_id":"292:9631"},"geometry":{"type":"Polygon","coordinates":[[[37.12793679331344,-3.3366310871212947],[37.12795388577134,-3.327588941351627],[37.136950895790115,-3.327606055001586],[37.13693388536206,-3.3366482473755847],[37.12793679331344,-3.3366310871212947]]]}},{"type":"Feature","properties":{"value":0.06,"pixel_id":"292:9632"},"geometry":{"type":"Polygon","coordinates":[[[37.12827509402997,-3.326880147728704],[37.128066763037516,-3.3261863517562316],[37.128821963222116,-3.3250155694793735],[37.128917448746925,-3.3231856770344974],[37.12992438202703,-3.3218414422379126],[37.13066222137046,-3.320375789266989],[37.13218998347921,-3.319265708239324],[37.13221383744284,-3.3185548528076394],[37.13696785980059,-3.3185638608802486],[37.136950895790115,-3.327606055001586],[37.12795388577134,-3.327588941351627],[37.127954593376366,-3.327214075828918],[37.12827509402997,-3.326880147728704]]]}},{"type":"Feature","properties":{"value":3.11,"pixel_id":"292:9633"},"geometry":{"type":"Polygon","coordinates":[[[37.132228788902864,-3.3181092898445503],[37.13230282894689,-3.3158227124190542],[37.1319444236064,-3.315364318485721],[37.13084471412044,-3.3139580832202986],[37.13010514462173,-3.313012606618512],[37.129466890714056,-3.3120157133386003],[37.128824719253416,-3.3110157060503154],[37.12814911519286,-3.309962059074284],[37.12807016855074,-3.309839954382577],[37.127987540078664,-3.309712736119483],[37.12798793076498,-3.30950464457257],[37.136984777395575,-3.3095216650163017],[37.13696785980059,-3.3185638608802486],[37.13221383744284,-3.3185548528076394],[37.132228788902864,-3.3181092898445503]]]}},{"type":"Feature","properties":{"value":8.32,"pixel_id":"292:9634"},"geometry":{"type":"Polygon","coordinates":[[[37.12798793076498,-3.30950464457257],[37.128004883304925,-3.300462493572644],[37.13700164857717,-3.300479467414474],[37.136984777395575,-3.3095216650163017],[37.12798793076498,-3.30950464457257]]]}},{"type":"Feature","properties":{"value":27.09,"pixel_id":"292:9635"},"geometry":{"type":"Polygon","coordinates":[[[37.128004883304925,-3.300462493572644],[37.128021789209754,-3.2914203408387626],[37.137018473347446,-3.291437268079496],[37.13700164857717,-3.300479467414474],[37.128004883304925,-3.300462493572644]]]}},{"type":"Feature","properties":{"value":52.46,"pixel_id":"292:9636"},"geometry":{"type":"Polygon","coordinates":[[[37.128021789209754,-3.2914203408387626],[37.12803864848155,-3.282378186375658],[37.13703525170848,-3.282395067016099],[37.137018473347446,-3.291437268079496],[37.128021789209754,-3.2914203408387626]]]}},{"type":"Feature","properties":{"value":13.16,"pixel_id":"292:9637"},"geometry":{"type":"Polygon","coordinates":[[[37.12803864848155,-3.282378186375658],[37.12805546112239,-3.2733360301880623],[37.13705198366237,-3.2733528642290124],[37.13703525170848,-3.282395067016099],[37.12803864848155,-3.282378186375658]]]}},{"type":"Feature","properties":{"value":21.25,"pixel_id":"292:9638"},"geometry":{"type":"Polygon","coordinates":[[[37.12805546112239,-3.2733360301880623],[37.12807222713436,-3.2642938722807084],[37.137068669211146,-3.2643106597229656],[37.13705198366237,-3.2733528642290124],[37.12805546112239,-3.2733360301880623]]]}},{"type":"Feature","properties":{"value":29.53,"pixel_id":"292:9639"},"geometry":{"type":"Polygon","coordinates":[[[37.12807222713436,-3.2642938722807084],[37.128088946519526,-3.255251712658328],[37.13708530835689,-3.2552684535026897],[37.137068669211146,-3.2643106597229656],[37.12807222713436,-3.2642938722807084]]]}},{"type":"Feature","properties":{"value":58.47,"pixel_id":"292:9640"},"geometry":{"type":"Polygon","coordinates":[[[37.128088946519526,-3.255251712658328],[37.12810561927995,-3.2462095513256553],[37.13710190110165,-3.2462262455729145],[37.13708530835689,-3.2552684535026897],[37.128088946519526,-3.255251712658328]]]}},{"type":"Feature","properties":{"value":61.41,"pixel_id":"292:9641"},"geometry":{"type":"Polygon","coordinates":[[[37.12810561927995,-3.2462095513256553],[37.12812224541769,-3.2371673882874217],[37.13711844744748,-3.2371840359383723],[37.13710190110165,-3.2462262455729145],[37.12810561927995,-3.2462095513256553]]]}},{"type":"Feature","properties":{"value":41.83,"pixel_id":"292:9642"},"geometry":{"type":"Polygon","coordinates":[[[37.12812224541769,-3.2371673882874217],[37.1281388249348,-3.2281252235483624],[37.13713494739642,-3.2281418246037927],[37.13711844744748,-3.2371840359383723],[37.12812224541769,-3.2371673882874217]]]}},{"type":"Feature","properties":{"value":69.05,"pixel_id":"292:9643"},"geometry":{"type":"Polygon","coordinates":[[[37.1281388249348,-3.2281252235483624],[37.128155357833336,-3.219083057113209],[37.1371514009505,-3.2190996115739074],[37.13713494739642,-3.2281418246037927],[37.1281388249348,-3.2281252235483624]]]}},{"type":"Feature","properties":{"value":88.4,"pixel_id":"292:9644"},"geometry":{"type":"Polygon","coordinates":[[[37.12840722542851,-3.2113900492093648],[37.129328132443696,-3.2103576697455587],[37.12931728030025,-3.210042995313694],[37.13716780811176,-3.2100573968534465],[37.1371514009505,-3.2190996115739074],[37.128155357833336,-3.219083057113209],[37.128168997794866,-3.211603827311322],[37.12840722542851,-3.2113900492093648]]]}},{"type":"Feature","properties":{"value":94.28,"pixel_id":"292:9645"},"geometry":{"type":"Polygon","coordinates":[[[37.129293021790815,-3.209339588058306],[37.129152582772555,-3.208953419247177],[37.12939835285115,-3.2086023445788947],[37.12957390072567,-3.2082863974986773],[37.12960901946336,-3.2079353334334546],[37.129222801383364,-3.20758427195483],[37.129047249915594,-3.2071278948297017],[37.12925791203626,-3.2065661874682165],[37.13027610839336,-3.205618317832926],[37.13129430834372,-3.2046704455017716],[37.13196344992412,-3.203224535480223],[37.13242573285081,-3.2022069856522566],[37.13261567802438,-3.2016946888919438],[37.132870966453375,-3.201007297753002],[37.13718416888223,-3.201015180447142],[37.13716780811176,-3.2100573968534465],[37.12931728030025,-3.210042995313694],[37.129293021790815,-3.209339588058306]]]}},{"type":"Feature","properties":{"value":93.98,"pixel_id":"292:9646"},"geometry":{"type":"Polygon","coordinates":[[[37.132910591338884,-3.200900603388925],[37.133430676362536,-3.199827278383757],[37.133943762611764,-3.1994755468138956],[37.13460281790816,-3.1992879328158454],[37.13505686508032,-3.19939401846326],[37.135371391312425,-3.1988321262138606],[37.13542655685404,-3.19832440114509],[37.13670127612367,-3.197298114025353],[37.137191481028665,-3.1969656148602503],[37.13718416888223,-3.201015180447142],[37.132870966453375,-3.201007297753002],[37.132910591338884,-3.200900603388925]]]}},{"type":"Feature","properties":{"value":92.26,"pixel_id":"293:9614"},"geometry":{"type":"Polygon","coordinates":[[[37.14409006486265,-3.481894662365791],[37.14381396945667,-3.482747545318466],[37.143712969174345,-3.4834822175320186],[37.14351926185637,-3.4838082207951278],[37.143104936389456,-3.484118591407947],[37.14229693413073,-3.484156220342072],[37.14171200421834,-3.483757533736708],[37.14140207646214,-3.4841588489332973],[37.1414529785994,-3.484661994736463],[37.14142046587432,-3.48487517496945],[37.14142053055301,-3.484875239962018],[37.141420595231736,-3.48487530585729],[37.1414206284694,-3.4848753392562646],[37.14193951603876,-3.485398587229209],[37.141854670160164,-3.48573095096338],[37.14104071656269,-3.485453584467823],[37.14077668732763,-3.4864466989781953],[37.14062783379013,-3.486568357671304],[37.1404140347525,-3.4865643696610573],[37.14006037970323,-3.486454686734491],[37.13973071057039,-3.4862844795394685],[37.1395316726495,-3.4862856746791464],[37.13946844832149,-3.486497328118713],[37.139483119606716,-3.486908247473135],[37.13947430893042,-3.4870251255507267],[37.139471082181906,-3.487067924876454],[37.139546870347495,-3.4871569970063185],[37.139805002142715,-3.4870967607562955],[37.14003785714244,-3.4872218802108557],[37.140266604146404,-3.487439838603374],[37.14027854455316,-3.4875420951287732],[37.14025556654649,-3.487666686460031],[37.13973867862694,-3.488106910534325],[37.1395444323198,-3.4882095569403124],[37.13909214854055,-3.488344491894579],[37.13876511416643,-3.4881993468215864],[37.13856540071246,-3.488181876514734],[37.138436751184,-3.488121765802661],[37.13844736567741,-3.4879180986720058],[37.13856426883522,-3.4877863699467686],[37.13855362200245,-3.487694069019175],[37.138415856370486,-3.4876185442452545],[37.138256029911766,-3.48766541278962],[37.138162128116804,-3.4879695274994678],[37.13800914771887,-3.4880424534527616],[37.13783841391596,-3.487939772726757],[37.137703362094456,-3.487942062805308],[37.137663689796575,-3.4878248797400975],[37.13774823923112,-3.487588652255106],[37.13774069877263,-3.4875028830446566],[37.13773611197477,-3.4874507139999777],[37.13773516155721,-3.487439901790437],[37.13773421113965,-3.4874290904834564],[37.13756698435961,-3.4873010870182193],[37.137396896445416,-3.48731080157964],[37.13722701963527,-3.4875211549372693],[37.136841979246604,-3.4878143428498745],[37.13664284318151,-3.487706308855466],[37.136655403989984,-3.4813230838627556],[37.14436901895849,-3.481338364584028],[37.14409006486265,-3.481894662365791]]]}},{"type":"Feature","properties":{"value":48.19,"pixel_id":"293:9615"},"geometry":{"type":"Polygon","coordinates":[[[37.14549525903738,-3.4806737203909557],[37.14479135804537,-3.481105204436298],[37.14442692500935,-3.481222886628031],[37.14436901895849,-3.481338364584028],[37.136655403989984,-3.4813230838627556],[37.136673157389005,-3.472280920089272],[37.14567155320456,-3.4722986935893285],[37.1456555051217,-3.480512939550401],[37.14549525903738,-3.4806737203909557]]]}},{"type":"Feature","properties":{"value":14.02,"pixel_id":"293:9616"},"geometry":{"type":"Polygon","coordinates":[[[37.136673157389005,-3.472280920089272],[37.13669086433614,-3.463238754492797],[37.14568917476086,-3.463256481600335],[37.14567155320456,-3.4722986935893285],[37.136673157389005,-3.472280920089272]]]}},{"type":"Feature","properties":{"value":2.33,"pixel_id":"293:9617"},"geometry":{"type":"Polygon","coordinates":[[[37.13669086433614,-3.463238754492797],[37.13670852483356,-3.4541965870780587],[37.14570675009147,-3.45421426779392],[37.14568917476086,-3.463256481600335],[37.13669086433614,-3.463238754492797]]]}},{"type":"Feature","properties":{"value":6.64,"pixel_id":"293:9618"},"geometry":{"type":"Polygon","coordinates":[[[37.13670852483356,-3.4541965870780587],[37.136726138883475,-3.445154417849786],[37.14572427919855,-3.445172052174809],[37.14570675009147,-3.45421426779392],[37.13670852483356,-3.4541965870780587]]]}},{"type":"Feature","properties":{"value":13.72,"pixel_id":"293:9619"},"geometry":{"type":"Polygon","coordinates":[[[37.136726138883475,-3.445154417849786],[37.13674370648803,-3.4361122468127023],[37.145741762084256,-3.4361298347477254],[37.14572427919855,-3.445172052174809],[37.136726138883475,-3.445154417849786]]]}},{"type":"Feature","properties":{"value":16.17,"pixel_id":"293:9620"},"geometry":{"type":"Polygon","coordinates":[[[37.13674370648803,-3.4361122468127023],[37.13676122764942,-3.4270700739715387],[37.14575919875075,-3.4270876155173955],[37.145741762084256,-3.4361298347477254],[37.13674370648803,-3.4361122468127023]]]}},{"type":"Feature","properties":{"value":5.36,"pixel_id":"293:9621"},"geometry":{"type":"Polygon","coordinates":[[[37.13676122764942,-3.4270700739715387],[37.1367787023698,-3.41802789933102],[37.145776589200196,-3.4180453944885443],[37.14575919875075,-3.4270876155173955],[37.13676122764942,-3.4270700739715387]]]}},{"type":"Feature","properties":{"value":1.47,"pixel_id":"293:9622"},"geometry":{"type":"Polygon","coordinates":[[[37.1367787023698,-3.41802789933102],[37.13679613065133,-3.408985722895876],[37.14579393343473,-3.4090031716658973],[37.145776589200196,-3.4180453944885443],[37.1367787023698,-3.41802789933102]]]}},{"type":"Feature","properties":{"value":22.09,"pixel_id":"293:9623"},"geometry":{"type":"Polygon","coordinates":[[[37.13679613065133,-3.408985722895876],[37.13681351249616,-3.3999435446708346],[37.14581123145651,-3.399960947054182],[37.14579393343473,-3.4090031716658973],[37.13679613065133,-3.408985722895876]]]}},{"type":"Feature","properties":{"value":64.85,"pixel_id":"293:9624"},"geometry":{"type":"Polygon","coordinates":[[[37.13681351249616,-3.3999435446708346],[37.13683084790644,-3.390901364660623],[37.14582848326766,-3.390918720658122],[37.14581123145651,-3.399960947054182],[37.13681351249616,-3.3999435446708346]]]}},{"type":"Feature","properties":{"value":67.74,"pixel_id":"293:9625"},"geometry":{"type":"Polygon","coordinates":[[[37.13683084790644,-3.390901364660623],[37.13684813688431,-3.3818591828699702],[37.145845688870324,-3.3818764924824447],[37.14582848326766,-3.390918720658122],[37.13683084790644,-3.390901364660623]]]}},{"type":"Feature","properties":{"value":44.12,"pixel_id":"293:9626"},"geometry":{"type":"Polygon","coordinates":[[[37.13684813688431,-3.3818591828699702],[37.1368653794319,-3.372816999303604],[37.1458628482666,-3.372834262531876],[37.145845688870324,-3.3818764924824447],[37.13684813688431,-3.3818591828699702]]]}},{"type":"Feature","properties":{"value":21.33,"pixel_id":"293:9627"},"geometry":{"type":"Polygon","coordinates":[[[37.1368653794319,-3.372816999303604],[37.136882575551354,-3.363774813966254],[37.14587996145864,-3.363792030811142],[37.1458628482666,-3.372834262531876],[37.1368653794319,-3.372816999303604]]]}},{"type":"Feature","properties":{"value":0.0,"pixel_id":"293:9628"},"geometry":{"type":"Polygon","coordinates":[[[37.136882575551354,-3.363774813966254],[37.13689972524479,-3.3547326268626483],[37.14589702844854,-3.3547497973249696],[37.14587996145864,-3.363792030811142],[37.136882575551354,-3.363774813966254]]]}},{"type":"Feature","properties":{"value":0.0,"pixel_id":"293:9629"},"geometry":{"type":"Polygon","coordinates":[[[37.13689972524479,-3.3547326268626483],[37.136916828514316,-3.3456904379975154],[37.14591404923841,-3.3457075620780863],[37.14589702844854,-3.3547497973249696],[37.13689972524479,-3.3547326268626483]]]}},{"type":"Feature","properties":{"value":0.0,"pixel_id":"293:9630"},"geometry":{"type":"Polygon","coordinates":[[[37.136916828514316,-3.3456904379975154],[37.13693388536206,-3.3366482473755847],[37.14593102383035,-3.3366653250752174],[37.14591404923841,-3.3457075620780863],[37.136916828514316,-3.3456904379975154]]]}},{"type":"Feature","properties":{"value":0.27,"pixel_id":"293:9631"},"geometry":{"type":"Polygon","coordinates":[[[37.13693388536206,-3.3366482473755847],[37.136950895790115,-3.327606055001586],[37.14594795222647,-3.32762308632109],[37.14593102383035,-3.3366653250752174],[37.13693388536206,-3.3366482473755847]]]}},{"type":"Feature","properties":{"value":2.86,"pixel_id":"293:9632"},"geometry":{"type":"Polygon","coordinates":[[[37.136950895790115,-3.327606055001586],[37.13696785980059,-3.3185638608802486],[37.14596483442885,-3.318580845820432],[37.14594795222647,-3.32762308632109],[37.136950895790115,-3.327606055001586]]]}},{"type":"Feature","properties":{"value":16.47,"pixel_id":"293:9633"},"geometry":{"type":"Polygon","coordinates":[[[37.13696785980059,-3.3185638608802486],[37.136984777395575,-3.3095216650163017],[37.145981670439575,-3.3095386035779706],[37.14596483442885,-3.318580845820432],[37.13696785980059,-3.3185638608802486]]]}},{"type":"Feature","properties":{"value":36.93,"pixel_id":"293:9634"},"geometry":{"type":"Polygon","coordinates":[[[37.136984777395575,-3.3095216650163017],[37.13700164857717,-3.300479467414474],[37.14599846026072,-3.300496359598433],[37.145981670439575,-3.3095386035779706],[37.136984777395575,-3.3095216650163017]]]}},{"type":"Feature","properties":{"value":46.51,"pixel_id":"293:9635"},"geometry":{"type":"Polygon","coordinates":[[[37.13700164857717,-3.300479467414474],[37.137018473347446,-3.291437268079496],[37.14601520389437,-3.2914541138865476],[37.14599846026072,-3.300496359598433],[37.13700164857717,-3.300479467414474]]]}},{"type":"Feature","properties":{"value":67.48,"pixel_id":"293:9636"},"geometry":{"type":"Polygon","coordinates":[[[37.137018473347446,-3.291437268079496],[37.13703525170848,-3.282395067016099],[37.14603190134259,-3.282411866447042],[37.14601520389437,-3.2914541138865476],[37.137018473347446,-3.291437268079496]]]}},{"type":"Feature","properties":{"value":40.21,"pixel_id":"293:9637"},"geometry":{"type":"Polygon","coordinates":[[[37.13703525170848,-3.282395067016099],[37.13705198366237,-3.2733528642290124],[37.14604855260744,-3.273369617284643],[37.14603190134259,-3.282411866447042],[37.13703525170848,-3.282395067016099]]]}},{"type":"Feature","properties":{"value":17.59,"pixel_id":"293:9638"},"geometry":{"type":"Polygon","coordinates":[[[37.13705198366237,-3.2733528642290124],[37.137068669211146,-3.2643106597229656],[37.14606515769097,-3.2643273664040784],[37.14604855260744,-3.273369617284643],[37.13705198366237,-3.2733528642290124]]]}},{"type":"Feature","properties":{"value":19.54,"pixel_id":"293:9639"},"geometry":{"type":"Polygon","coordinates":[[[37.137068669211146,-3.2643106597229656],[37.13708530835689,-3.2552684535026897],[37.14608171659524,-3.255285113810079],[37.14606515769097,-3.2643273664040784],[37.137068669211146,-3.2643106597229656]]]}},{"type":"Feature","properties":{"value":57.41,"pixel_id":"293:9640"},"geometry":{"type":"Polygon","coordinates":[[[37.13708530835689,-3.2552684535026897],[37.13710190110165,-3.2462262455729145],[37.14609822932229,-3.24624285950737],[37.14608171659524,-3.255285113810079],[37.13708530835689,-3.2552684535026897]]]}},{"type":"Feature","properties":{"value":82.64,"pixel_id":"293:9641"},"geometry":{"type":"Polygon","coordinates":[[[37.13710190110165,-3.2462262455729145],[37.13711844744748,-3.2371840359383723],[37.14611469587416,-3.237200603500683],[37.14609822932229,-3.24624285950737],[37.13710190110165,-3.2462262455729145]]]}},{"type":"Feature","properties":{"value":78.93,"pixel_id":"293:9642"},"geometry":{"type":"Polygon","coordinates":[[[37.13711844744748,-3.2371840359383723],[37.13713494739642,-3.2281418246037927],[37.14613111625288,-3.228158345794744],[37.14611469587416,-3.237200603500683],[37.13711844744748,-3.2371840359383723]]]}},{"type":"Feature","properties":{"value":92.75,"pixel_id":"293:9643"},"geometry":{"type":"Polygon","coordinates":[[[37.13713494739642,-3.2281418246037927],[37.1371514009505,-3.2190996115739074],[37.146147490460486,-3.2191160863942834],[37.14613111625288,-3.228158345794744],[37.13713494739642,-3.2281418246037927]]]}},{"type":"Feature","properties":{"value":89.66,"pixel_id":"293:9644"},"geometry":{"type":"Polygon","coordinates":[[[37.1371514009505,-3.2190996115739074],[37.13716780811176,-3.2100573968534465],[37.14616381849899,-3.210073825304029],[37.146147490460486,-3.2191160863942834],[37.1371514009505,-3.2190996115739074]]]}},{"type":"Feature","properties":{"value":85.73,"pixel_id":"293:9645"},"geometry":{"type":"Polygon","coordinates":[[[37.13716780811176,-3.2100573968534465],[37.13718416888223,-3.201015180447142],[37.14618010037042,-3.201031562528711],[37.14616381849899,-3.210073825304029],[37.13716780811176,-3.2100573968534465]]]}},{"type":"Feature","properties":{"value":84.87,"pixel_id":"293:9646"},"geometry":{"type":"Polygon","coordinates":[[[37.137629727190614,-3.1966683580905935],[37.138132445983175,-3.19614574961422],[37.13837999831928,-3.1952835993969453],[37.13904031395203,-3.195236890065287],[37.13992218377825,-3.194566862389179],[37.13999157863393,-3.194482665439448],[37.14046266325378,-3.1939111134572324],[37.141188790362555,-3.1932088822182734],[37.14199513073798,-3.192932936290326],[37.14259980562036,-3.192242794839814],[37.1434775521794,-3.1921725681007374],[37.14421486960169,-3.19203214259935],[37.1442654336082,-3.1919857983793594],[37.14619633607677,-3.1919892980730586],[37.14618010037042,-3.201031562528711],[37.13718416888223,-3.201015180447142],[37.137191481028665,-3.1969656148602503],[37.137629727190614,-3.1966683580905935]]]}},{"type":"Feature","properties":{"value":100.0,"pixel_id":"293:9647"},"geometry":{"type":"MultiPolygon","coordinates":[[[[37.14491707906601,-3.1908736384687053],[37.14530274019053,-3.1903772432282773],[37.145290354219384,-3.1898772558116826],[37.145138199373214,-3.189429408994188],[37.14520296521025,-3.188813466924499],[37.14561845848702,-3.188584170749122],[37.146030393536975,-3.1883118994761537],[37.14620345610606,-3.188015758838651],[37.14619633607677,-3.1919892980730586],[37.1442654336082,-3.1919857983793594],[37.14463619833457,-3.1916459753048394],[37.14474317151522,-3.191351831835994],[37.14491707906601,-3.1908736384687053]]],[[[37.1462044854969,-3.1874408653815336],[37.14616222579648,-3.1872919102400217],[37.14620488156044,-3.1872196443361474],[37.1462044854969,-3.1874408653815336]]]]}},{"type":"Feature","properties":{"value":22.97,"pixel_id":"294:9615"},"geometry":{"type":"Polygon","coordinates":[[[37.14896303810507,-3.4733675644982043],[37.14896432628922,-3.4757587866520816],[37.147350643018484,-3.476689171457196],[37.147294850452795,-3.477055253496099],[37.14717927680162,-3.4778135894960345],[37.14685193789859,-3.4786622669915785],[37.14674824536536,-3.478882442570831],[37.14599860844728,-3.4792657541086034],[37.14595214308922,-3.4797967592600667],[37.14588341747841,-3.4802310077166716],[37.145679884387846,-3.4804884789185646],[37.1456555051217,-3.480512939550401],[37.14567155320456,-3.4722986935893285],[37.149332264210834,-3.4723058995594145],[37.14896303810507,-3.4733675644982043]]]}},{"type":"Feature","properties":{"value":7.38,"pixel_id":"294:9616"},"geometry":{"type":"Polygon","coordinates":[[[37.153829883939004,-3.467651492594034],[37.149649490221016,-3.471393750939154],[37.149332264210834,-3.4723058995594145],[37.14567155320456,-3.4722986935893285],[37.14568917476086,-3.463256481600335],[37.1546875314113,-3.4632741230117743],[37.15467926006581,-3.4675420735806264],[37.153829883939004,-3.467651492594034]]]}},{"type":"Feature","properties":{"value":1.7,"pixel_id":"294:9617"},"geometry":{"type":"Polygon","coordinates":[[[37.14568917476086,-3.463256481600335],[37.14570675009147,-3.45421426779392],[37.154705021572916,-3.454231863037946],[37.1546875314113,-3.4632741230117743],[37.14568917476086,-3.463256481600335]]]}},{"type":"Feature","properties":{"value":7.95,"pixel_id":"294:9618"},"geometry":{"type":"Polygon","coordinates":[[[37.14570675009147,-3.45421426779392],[37.14572427919855,-3.445172052174809],[37.15472246573499,-3.4451896012522574],[37.154705021572916,-3.454231863037946],[37.14570675009147,-3.45421426779392]]]}},{"type":"Feature","properties":{"value":14.13,"pixel_id":"294:9619"},"geometry":{"type":"Polygon","coordinates":[[[37.14572427919855,-3.445172052174809],[37.145741762084256,-3.4361298347477254],[37.15473986389968,-3.43614733765943],[37.15472246573499,-3.4451896012522574],[37.14572427919855,-3.445172052174809]]]}},{"type":"Feature","properties":{"value":3.61,"pixel_id":"294:9620"},"geometry":{"type":"Polygon","coordinates":[[[37.145741762084256,-3.4361298347477254],[37.14575919875075,-3.4270876155173955],[37.154757216069136,-3.4271050722641867],[37.15473986389968,-3.43614733765943],[37.145741762084256,-3.4361298347477254]]]}},{"type":"Feature","properties":{"value":5.05,"pixel_id":"294:9621"},"geometry":{"type":"Polygon","coordinates":[[[37.14575919875075,-3.4270876155173955],[37.145776589200196,-3.4180453944885443],[37.154774522245496,-3.4180628050712505],[37.154757216069136,-3.4271050722641867],[37.14575919875075,-3.4270876155173955]]]}},{"type":"Feature","properties":{"value":3.43,"pixel_id":"294:9622"},"geometry":{"type":"Polygon","coordinates":[[[37.145776589200196,-3.4180453944885443],[37.14579393343473,-3.4090031716658973],[37.154791782430905,-3.409020536085345],[37.154774522245496,-3.4180628050712505],[37.145776589200196,-3.4180453944885443]]]}},{"type":"Feature","properties":{"value":8.59,"pixel_id":"294:9623"},"geometry":{"type":"Polygon","coordinates":[[[37.14579393343473,-3.4090031716658973],[37.14581123145651,-3.399960947054182],[37.15480899662749,-3.3999782653111956],[37.154791782430905,-3.409020536085345],[37.14579393343473,-3.4090031716658973]]]}},{"type":"Feature","properties":{"value":77.2,"pixel_id":"294:9624"},"geometry":{"type":"Polygon","coordinates":[[[37.14581123145651,-3.399960947054182],[37.14582848326766,-3.390918720658122],[37.154826164837374,-3.390935992753524],[37.15480899662749,-3.3999782653111956],[37.14581123145651,-3.399960947054182]]]}},{"type":"Feature","properties":{"value":85.98,"pixel_id":"294:9625"},"geometry":{"type":"Polygon","coordinates":[[[37.14582848326766,-3.390918720658122],[37.145845688870324,-3.3818764924824447],[37.1548432870627,-3.3818937184170546],[37.154826164837374,-3.390935992753524],[37.14582848326766,-3.390918720658122]]]}},{"type":"Feature","properties":{"value":77.31,"pixel_id":"294:9626"},"geometry":{"type":"Polygon","coordinates":[[[37.145845688870324,-3.3818764924824447],[37.1458628482666,-3.372834262531876],[37.154860363305545,-3.3728514423065104],[37.1548432870627,-3.3818937184170546],[37.145845688870324,-3.3818764924824447]]]}},{"type":"Feature","properties":{"value":25.04,"pixel_id":"294:9627"},"geometry":{"type":"Polygon","coordinates":[[[37.1458628482666,-3.372834262531876],[37.14587996145864,-3.363792030811142],[37.15487739356806,-3.363809164426618],[37.154860363305545,-3.3728514423065104],[37.1458628482666,-3.372834262531876]]]}},{"type":"Feature","properties":{"value":11.93,"pixel_id":"294:9628"},"geometry":{"type":"Polygon","coordinates":[[[37.14587996145864,-3.363792030811142],[37.14589702844854,-3.3547497973249696],[37.154894377852315,-3.3547668847820997],[37.15487739356806,-3.363809164426618],[37.14587996145864,-3.363792030811142]]]}},{"type":"Feature","properties":{"value":0.0,"pixel_id":"294:9629"},"geometry":{"type":"Polygon","coordinates":[[[37.14589702844854,-3.3547497973249696],[37.14591404923841,-3.3457075620780863],[37.15491131616042,-3.34572460337768],[37.154894377852315,-3.3547668847820997],[37.14589702844854,-3.3547497973249696]]]}},{"type":"Feature","properties":{"value":0.0,"pixel_id":"294:9630"},"geometry":{"type":"Polygon","coordinates":[[[37.14591404923841,-3.3457075620780863],[37.14593102383035,-3.3366653250752174],[37.15492820849448,-3.336682320218085],[37.15491131616042,-3.34572460337768],[37.14591404923841,-3.3457075620780863]]]}},{"type":"Feature","properties":{"value":0.67,"pixel_id":"294:9631"},"geometry":{"type":"Polygon","coordinates":[[[37.14593102383035,-3.3366653250752174],[37.14594795222647,-3.32762308632109],[37.15494505485657,-3.327640035308039],[37.15492820849448,-3.336682320218085],[37.14593102383035,-3.3366653250752174]]]}},{"type":"Feature","properties":{"value":2.46,"pixel_id":"294:9632"},"geometry":{"type":"Polygon","coordinates":[[[37.14594795222647,-3.32762308632109],[37.14596483442885,-3.318580845820432],[37.15496185524876,-3.318597748652265],[37.15494505485657,-3.327640035308039],[37.14594795222647,-3.32762308632109]]]}},{"type":"Feature","properties":{"value":19.16,"pixel_id":"294:9633"},"geometry":{"type":"Polygon","coordinates":[[[37.14596483442885,-3.318580845820432],[37.145981670439575,-3.3095386035779706],[37.154978609673144,-3.309555460255491],[37.15496185524876,-3.318597748652265],[37.14596483442885,-3.318580845820432]]]}},{"type":"Feature","properties":{"value":26.85,"pixel_id":"294:9634"},"geometry":{"type":"Polygon","coordinates":[[[37.145981670439575,-3.3095386035779706],[37.14599846026072,-3.300496359598433],[37.15499531813178,-3.300513170122441],[37.154978609673144,-3.309555460255491],[37.145981670439575,-3.3095386035779706]]]}},{"type":"Feature","properties":{"value":34.24,"pixel_id":"294:9635"},"geometry":{"type":"Polygon","coordinates":[[[37.14599846026072,-3.300496359598433],[37.14601520389437,-3.2914541138865476],[37.15501198062673,-3.2914708782578397],[37.15499531813178,-3.300513170122441],[37.14599846026072,-3.300496359598433]]]}},{"type":"Feature","properties":{"value":25.83,"pixel_id":"294:9636"},"geometry":{"type":"Polygon","coordinates":[[[37.14601520389437,-3.2914541138865476],[37.14603190134259,-3.282411866447042],[37.15502859716006,-3.2824285846664134],[37.15501198062673,-3.2914708782578397],[37.14601520389437,-3.2914541138865476]]]}},{"type":"Feature","properties":{"value":28.16,"pixel_id":"294:9637"},"geometry":{"type":"Polygon","coordinates":[[[37.14603190134259,-3.282411866447042],[37.14604855260744,-3.273369617284643],[37.15504516773382,-3.2733862893528882],[37.15502859716006,-3.2824285846664134],[37.14603190134259,-3.282411866447042]]]}},{"type":"Feature","properties":{"value":32.56,"pixel_id":"294:9638"},"geometry":{"type":"Polygon","coordinates":[[[37.14604855260744,-3.273369617284643],[37.14606515769097,-3.2643273664040784],[37.15506169235005,-3.2643439923219892],[37.15504516773382,-3.2733862893528882],[37.14604855260744,-3.273369617284643]]]}},{"type":"Feature","properties":{"value":66.3,"pixel_id":"294:9639"},"geometry":{"type":"Polygon","coordinates":[[[37.14606515769097,-3.2643273664040784],[37.14608171659524,-3.255285113810079],[37.15507817101081,-3.2553016935784433],[37.15506169235005,-3.2643439923219892],[37.14606515769097,-3.2643273664040784]]]}},{"type":"Feature","properties":{"value":74.03,"pixel_id":"294:9640"},"geometry":{"type":"Polygon","coordinates":[[[37.14608171659524,-3.255285113810079],[37.14609822932229,-3.24624285950737],[37.1550946037181,-3.2462593931269748],[37.15507817101081,-3.2553016935784433],[37.14608171659524,-3.255285113810079]]]}},{"type":"Feature","properties":{"value":63.58,"pixel_id":"294:9641"},"geometry":{"type":"Polygon","coordinates":[[[37.14609822932229,-3.24624285950737],[37.14611469587416,-3.237200603500683],[37.15511099047398,-3.2372170909723113],[37.1550946037181,-3.2462593931269748],[37.14609822932229,-3.24624285950737]]]}},{"type":"Feature","properties":{"value":52.35,"pixel_id":"294:9642"},"geometry":{"type":"Polygon","coordinates":[[[37.14611469587416,-3.237200603500683],[37.14613111625288,-3.228158345794744],[37.15512733128046,-3.2281747871191806],[37.15511099047398,-3.2372170909723113],[37.14611469587416,-3.237200603500683]]]}},{"type":"Feature","properties":{"value":89.51,"pixel_id":"294:9643"},"geometry":{"type":"Polygon","coordinates":[[[37.14613111625288,-3.228158345794744],[37.146147490460486,-3.2191160863942834],[37.15514362613956,-3.219132481572307],[37.15512733128046,-3.2281747871191806],[37.14613111625288,-3.228158345794744]]]}},{"type":"Feature","properties":{"value":93.67,"pixel_id":"294:9644"},"geometry":{"type":"Polygon","coordinates":[[[37.146147490460486,-3.2191160863942834],[37.14616381849899,-3.210073825304029],[37.1551598750533,-3.210090174336418],[37.15514362613956,-3.219132481572307],[37.146147490460486,-3.2191160863942834]]]}},{"type":"Feature","properties":{"value":86.96,"pixel_id":"294:9645"},"geometry":{"type":"Polygon","coordinates":[[[37.14616381849899,-3.210073825304029],[37.14618010037042,-3.201031562528711],[37.15517607802368,-3.201047865416241],[37.1551598750533,-3.210090174336418],[37.14616381849899,-3.210073825304029]]]}},{"type":"Feature","properties":{"value":81.0,"pixel_id":"294:9646"},"geometry":{"type":"Polygon","coordinates":[[[37.14618010037042,-3.201031562528711],[37.14619633607677,-3.1919892980730586],[37.155192235052695,-3.1920055548165025],[37.15517607802368,-3.201047865416241],[37.14618010037042,-3.201031562528711]]]}},{"type":"Feature","properties":{"value":86.31,"pixel_id":"294:9647"},"geometry":{"type":"Polygon","coordinates":[[[37.14631394675642,-3.187826689647034],[37.1462044854969,-3.1874408653815336],[37.14620488156044,-3.1872196443361474],[37.14648385141432,-3.1867470229031056],[37.14665592730025,-3.186611849125243],[37.14682706714164,-3.1864777308809344],[37.14716506455551,-3.186214258318181],[37.14733683950583,-3.18608044160762],[37.14736798499503,-3.185786036475219],[37.14742027772436,-3.1856202831525713],[37.1474322819115,-3.185497200674296],[37.14745722812693,-3.185245709149382],[37.14747506777016,-3.1850713876098777],[37.147526174723296,-3.184571921293829],[37.14728502198528,-3.184163786790353],[37.14685998949851,-3.184138253039266],[37.146688171429034,-3.18350438139106],[37.14700706527005,-3.1831431568055613],[37.14722421861695,-3.1833410747052757],[37.14762335896231,-3.1832766118177576],[37.14780357014502,-3.182949904765458],[37.15520834614234,-3.182963242541931],[37.155192235052695,-3.1920055548165025],[37.14619633607677,-3.1919892980730586],[37.14620345610606,-3.188015758838651],[37.14631394675642,-3.187826689647034]]]}},{"type":"Feature","properties":{"value":89.16,"pixel_id":"294:9648"},"geometry":{"type":"Polygon","coordinates":[[[37.14813646138123,-3.1823464011777727],[37.14843253801404,-3.181753464861021],[37.148901344506314,-3.1816476708295824],[37.1495867294237,-3.1806576928320447],[37.15060492218755,-3.1788321725152193],[37.151307137041755,-3.177638544428908],[37.152079559727014,-3.176339616989381],[37.15274664865702,-3.1753917498039765],[37.1535541909783,-3.174057699635415],[37.15364565028398,-3.173918097407255],[37.15522441129461,-3.173920928597252],[37.15520834614234,-3.182963242541931],[37.14780357014502,-3.182949904765458],[37.14813646138123,-3.1823464011777727]]]}},{"type":"Feature","properties":{"value":97.57,"pixel_id":"294:9649"},"geometry":{"type":"Polygon","coordinates":[[[37.153782660402825,-3.173708966912738],[37.15404369824799,-3.1733105249872335],[37.15420032939923,-3.173067991470768],[37.15422030254126,-3.173036876217919],[37.15421812233007,-3.173036160167067],[37.15522922542113,-3.171206237963323],[37.15522441129461,-3.173920928597252],[37.15364565028398,-3.173918097407255],[37.153782660402825,-3.173708966912738]]]}},{"type":"Feature","properties":{"value":26.29,"pixel_id":"295:9616"},"geometry":{"type":"Polygon","coordinates":[[[37.16171493438025,-3.463376018708005],[37.16192170769404,-3.4642333526513363],[37.161396822073534,-3.464598520638301],[37.15889081528163,-3.464512229357354],[37.15804145099394,-3.4654013244402244],[37.157154285599134,-3.4656452954456767],[37.15524840462099,-3.4662618331005706],[37.154831672567425,-3.4675224392855615],[37.15467926006581,-3.4675420735806264],[37.1546875314113,-3.4632741230117743],[37.161768928391645,-3.4632879458745656],[37.16171493438025,-3.463376018708005]]]}},{"type":"Feature","properties":{"value":28.05,"pixel_id":"295:9617"},"geometry":{"type":"Polygon","coordinates":[[[37.163325881382654,-3.4602367618644996],[37.16302556739663,-3.4617851768653924],[37.16210620368708,-3.4627377954801144],[37.161768928391645,-3.4632879458745656],[37.1546875314113,-3.4632741230117743],[37.154705021572916,-3.454231863037946],[37.1637033390539,-3.4542493728079684],[37.16369322855072,-3.4595049138774523],[37.163325881382654,-3.4602367618644996]]]}},{"type":"Feature","properties":{"value":33.26,"pixel_id":"295:9618"},"geometry":{"type":"Polygon","coordinates":[[[37.154705021572916,-3.454231863037946],[37.15472246573499,-3.4451896012522574],[37.16372069826882,-3.4452070650799684],[37.1637033390539,-3.4542493728079684],[37.154705021572916,-3.454231863037946]]]}},{"type":"Feature","properties":{"value":39.55,"pixel_id":"295:9619"},"geometry":{"type":"Polygon","coordinates":[[[37.15472246573499,-3.4451896012522574],[37.15473986389968,-3.43614733765943],[37.163738011710336,-3.4361647555456583],[37.16372069826882,-3.4452070650799684],[37.15472246573499,-3.4451896012522574]]]}},{"type":"Feature","properties":{"value":39.83,"pixel_id":"295:9620"},"geometry":{"type":"Polygon","coordinates":[[[37.15473986389968,-3.43614733765943],[37.154757216069136,-3.4271050722641867],[37.1637552793806,-3.42712244420976],[37.163738011710336,-3.4361647555456583],[37.15473986389968,-3.43614733765943]]]}},{"type":"Feature","properties":{"value":7.61,"pixel_id":"295:9621"},"geometry":{"type":"Polygon","coordinates":[[[37.154757216069136,-3.4271050722641867],[37.154774522245496,-3.4180628050712505],[37.16377250128175,-3.418080131076992],[37.1637552793806,-3.42712244420976],[37.154757216069136,-3.4271050722641867]]]}},{"type":"Feature","properties":{"value":8.37,"pixel_id":"295:9622"},"geometry":{"type":"Polygon","coordinates":[[[37.154774522245496,-3.4180628050712505],[37.154791782430905,-3.409020536085345],[37.16378967741589,-3.409037816152079],[37.16377250128175,-3.418080131076992],[37.154774522245496,-3.4180628050712505]]]}},{"type":"Feature","properties":{"value":35.14,"pixel_id":"295:9623"},"geometry":{"type":"Polygon","coordinates":[[[37.154791782430905,-3.409020536085345],[37.15480899662749,-3.3999782653111956],[37.16380680778516,-3.399995499439741],[37.16378967741589,-3.409037816152079],[37.154791782430905,-3.409020536085345]]]}},{"type":"Feature","properties":{"value":90.37,"pixel_id":"295:9624"},"geometry":{"type":"Polygon","coordinates":[[[37.15480899662749,-3.3999782653111956],[37.154826164837374,-3.390935992753524],[37.16382389239167,-3.3909531809446993],[37.16380680778516,-3.399995499439741],[37.15480899662749,-3.3999782653111956]]]}},{"type":"Feature","properties":{"value":93.04,"pixel_id":"295:9625"},"geometry":{"type":"Polygon","coordinates":[[[37.154826164837374,-3.390935992753524],[37.1548432870627,-3.3818937184170546],[37.16384093123753,-3.381910860671675],[37.16382389239167,-3.3909531809446993],[37.154826164837374,-3.390935992753524]]]}},{"type":"Feature","properties":{"value":78.56,"pixel_id":"295:9626"},"geometry":{"type":"Polygon","coordinates":[[[37.1548432870627,-3.3818937184170546],[37.154860363305545,-3.3728514423065104],[37.163857924324844,-3.372868538625391],[37.16384093123753,-3.381910860671675],[37.1548432870627,-3.3818937184170546]]]}},{"type":"Feature","properties":{"value":46.83,"pixel_id":"295:9627"},"geometry":{"type":"Polygon","coordinates":[[[37.154860363305545,-3.3728514423065104],[37.15487739356806,-3.363809164426618],[37.16387487165572,-3.3638262148105693],[37.163857924324844,-3.372868538625391],[37.154860363305545,-3.3728514423065104]]]}},{"type":"Feature","properties":{"value":46.08,"pixel_id":"295:9628"},"geometry":{"type":"Polygon","coordinates":[[[37.15487739356806,-3.363809164426618],[37.154894377852315,-3.3547668847820997],[37.16389177323224,-3.354783889231931],[37.16387487165572,-3.3638262148105693],[37.15487739356806,-3.363809164426618]]]}},{"type":"Feature","properties":{"value":30.76,"pixel_id":"295:9629"},"geometry":{"type":"Polygon","coordinates":[[[37.154894377852315,-3.3547668847820997],[37.15491131616042,-3.34572460337768],[37.1639086290565,-3.3457415618941977],[37.16389177323224,-3.354783889231931],[37.154894377852315,-3.3547668847820997]]]}},{"type":"Feature","properties":{"value":0.72,"pixel_id":"295:9630"},"geometry":{"type":"Polygon","coordinates":[[[37.15491131616042,-3.34572460337768],[37.15492820849448,-3.336682320218085],[37.16392543913058,-3.3366992328020957],[37.1639086290565,-3.3457415618941977],[37.15491131616042,-3.34572460337768]]]}},{"type":"Feature","properties":{"value":7.47,"pixel_id":"295:9631"},"geometry":{"type":"Polygon","coordinates":[[[37.15492820849448,-3.336682320218085],[37.15494505485657,-3.327640035308039],[37.16394220345655,-3.3276569019603435],[37.16392543913058,-3.3366992328020957],[37.15492820849448,-3.336682320218085]]]}},{"type":"Feature","properties":{"value":6.59,"pixel_id":"295:9632"},"geometry":{"type":"Polygon","coordinates":[[[37.15494505485657,-3.327640035308039],[37.15496185524876,-3.318597748652265],[37.163958922036485,-3.3186145693736653],[37.16394220345655,-3.3276569019603435],[37.15494505485657,-3.327640035308039]]]}},{"type":"Feature","properties":{"value":30.36,"pixel_id":"295:9633"},"geometry":{"type":"Polygon","coordinates":[[[37.15496185524876,-3.318597748652265],[37.154978609673144,-3.309555460255491],[37.16397559487246,-3.3095722350467853],[37.163958922036485,-3.3186145693736653],[37.15496185524876,-3.318597748652265]]]}},{"type":"Feature","properties":{"value":21.91,"pixel_id":"295:9634"},"geometry":{"type":"Polygon","coordinates":[[[37.154978609673144,-3.309555460255491],[37.15499531813178,-3.300513170122441],[37.16399222196652,-3.300529898984423],[37.16397559487246,-3.3095722350467853],[37.154978609673144,-3.309555460255491]]]}},{"type":"Feature","properties":{"value":34.84,"pixel_id":"295:9635"},"geometry":{"type":"Polygon","coordinates":[[[37.15499531813178,-3.300513170122441],[37.15501198062673,-3.2914708782578397],[37.16400880332071,-3.291487561191307],[37.16399222196652,-3.300529898984423],[37.15499531813178,-3.300513170122441]]]}},{"type":"Feature","properties":{"value":31.96,"pixel_id":"295:9636"},"geometry":{"type":"Polygon","coordinates":[[[37.15501198062673,-3.2914708782578397],[37.15502859716006,-3.2824285846664134],[37.1640253389371,-3.282445221672155],[37.16400880332071,-3.291487561191307],[37.15501198062673,-3.2914708782578397]]]}},{"type":"Feature","properties":{"value":15.27,"pixel_id":"295:9637"},"geometry":{"type":"Polygon","coordinates":[[[37.15502859716006,-3.2824285846664134],[37.15504516773382,-3.2733862893528882],[37.16404182881773,-3.273402880431694],[37.1640253389371,-3.282445221672155],[37.15502859716006,-3.2824285846664134]]]}},{"type":"Feature","properties":{"value":46.2,"pixel_id":"295:9638"},"geometry":{"type":"Polygon","coordinates":[[[37.15504516773382,-3.2733862893528882],[37.15506169235005,-3.2643439923219892],[37.164058272964624,-3.2643605374746474],[37.16404182881773,-3.273402880431694],[37.15504516773382,-3.2733862893528882]]]}},{"type":"Feature","properties":{"value":77.58,"pixel_id":"295:9639"},"geometry":{"type":"Polygon","coordinates":[[[37.15506169235005,-3.2643439923219892],[37.15507817101081,-3.2553016935784433],[37.16407467137982,-3.255318192805738],[37.164058272964624,-3.2643605374746474],[37.15506169235005,-3.2643439923219892]]]}},{"type":"Feature","properties":{"value":80.46,"pixel_id":"295:9640"},"geometry":{"type":"Polygon","coordinates":[[[37.15507817101081,-3.2553016935784433],[37.1550946037181,-3.2462593931269748],[37.16409102406534,-3.2462758464296892],[37.16407467137982,-3.255318192805738],[37.15507817101081,-3.2553016935784433]]]}},{"type":"Feature","properties":{"value":56.69,"pixel_id":"295:9641"},"geometry":{"type":"Polygon","coordinates":[[[37.1550946037181,-3.2462593931269748],[37.15511099047398,-3.2372170909723113],[37.1641073310232,-3.2372334983512276],[37.16409102406534,-3.2462758464296892],[37.1550946037181,-3.2462593931269748]]]}},{"type":"Feature","properties":{"value":61.31,"pixel_id":"295:9642"},"geometry":{"type":"Polygon","coordinates":[[[37.15511099047398,-3.2372170909723113],[37.15512733128046,-3.2281747871191806],[37.16412359225542,-3.228191148575075],[37.1641073310232,-3.2372334983512276],[37.15511099047398,-3.2372170909723113]]]}},{"type":"Feature","properties":{"value":63.76,"pixel_id":"295:9643"},"geometry":{"type":"Polygon","coordinates":[[[37.15512733128046,-3.2281747871191806],[37.15514362613956,-3.219132481572307],[37.16413980776401,-3.219148797105958],[37.16412359225542,-3.228191148575075],[37.15512733128046,-3.2281747871191806]]]}},{"type":"Feature","properties":{"value":80.7,"pixel_id":"295:9644"},"geometry":{"type":"Polygon","coordinates":[[[37.15514362613956,-3.219132481572307],[37.1551598750533,-3.210090174336418],[37.16415597755097,-3.2101064439485985],[37.16413980776401,-3.219148797105958],[37.15514362613956,-3.219132481572307]]]}},{"type":"Feature","properties":{"value":87.93,"pixel_id":"295:9645"},"geometry":{"type":"Polygon","coordinates":[[[37.1551598750533,-3.210090174336418],[37.15517607802368,-3.201047865416241],[37.16417210161829,-3.201064089107723],[37.16415597755097,-3.2101064439485985],[37.1551598750533,-3.210090174336418]]]}},{"type":"Feature","properties":{"value":86.24,"pixel_id":"295:9646"},"geometry":{"type":"Polygon","coordinates":[[[37.15517607802368,-3.201047865416241],[37.155192235052695,-3.1920055548165025],[37.16418817996797,-3.192021732588057],[37.16417210161829,-3.201064089107723],[37.15517607802368,-3.201047865416241]]]}},{"type":"Feature","properties":{"value":90.47,"pixel_id":"295:9647"},"geometry":{"type":"Polygon","coordinates":[[[37.155192235052695,-3.1920055548165025],[37.15520834614234,-3.182963242541931],[37.16420421260199,-3.182979374394323],[37.16418817996797,-3.192021732588057],[37.155192235052695,-3.1920055548165025]]]}},{"type":"Feature","properties":{"value":98.05,"pixel_id":"295:9648"},"geometry":{"type":"Polygon","coordinates":[[[37.15520834614234,-3.182963242541931],[37.15522441129461,-3.173920928597252],[37.16422019952233,-3.1739370145312487],[37.16420421260199,-3.182979374394323],[37.15520834614234,-3.182963242541931]]]}},{"type":"Feature","properties":{"value":100.0,"pixel_id":"295:9649"},"geometry":{"type":"Polygon","coordinates":[[[37.158721998083756,-3.164884830177122],[37.16423614073097,-3.1648946530035578],[37.16422019952233,-3.1739370145312487],[37.15522441129461,-3.173920928597252],[37.15522922542113,-3.171206237963323],[37.158721998083756,-3.164884830177122]]]}},{"type":"Feature","properties":{"value":100.0,"pixel_id":"295:9650"},"geometry":{"type":"Polygon","coordinates":[[[37.159392191092834,-3.1636718625843514],[37.16069820946359,-3.1614331910878923],[37.161942047348695,-3.159070170279334],[37.16252487071176,-3.1578425264964594],[37.16324248807987,-3.156312764294083],[37.16341187027305,-3.1558507993224825],[37.16425203622986,-3.155852289815977],[37.16423614073097,-3.1648946530035578],[37.158721998083756,-3.164884830177122],[37.159392191092834,-3.1636718625843514]]]}},{"type":"Feature","properties":{"value":100.0,"pixel_id":"295:9651"},"geometry":{"type":"Polygon","coordinates":[[[37.163551206703666,-3.1554707791352983],[37.163612169972126,-3.1553045107059794],[37.16425576213272,-3.153728991158132],[37.16425203622986,-3.155852289815977],[37.16341187027305,-3.1558507993224825],[37.163551206703666,-3.1554707791352983]]]}},{"type":"Feature","properties":{"value":38.92,"pixel_id":"296:9617"},"geometry":{"type":"MultiPolygon","coordinates":[[[[37.16588481331782,-3.455598493821379],[37.165226150585184,-3.45524674281373],[37.16451448455589,-3.4564680755389716],[37.16445961456001,-3.4580854613171432],[37.16417038039472,-3.4586024659097756],[37.16402401788547,-3.458864088281706],[37.163935197860056,-3.459022862375516],[37.163884544556154,-3.459123763456975],[37.16369322855072,-3.4595049138774523],[37.1637033390539,-3.4542493728079684],[37.16883523740839,-3.4542593206221364],[37.16845180493774,-3.454653734100466],[37.1667394390381,-3.456136242993022],[37.16588481331782,-3.455598493821379]]],[[[37.17270170231042,-3.4542667971018295],[37.17270078259897,-3.4547475598479185],[37.17250530623194,-3.4547898925631197],[37.171284956375224,-3.4542640594119325],[37.17270170231042,-3.4542667971018295]]]]}},{"type":"Feature","properties":{"value":38.72,"pixel_id":"296:9618"},"geometry":{"type":"Polygon","coordinates":[[[37.169431279414525,-3.4536462074413286],[37.16883523740839,-3.4542593206221364],[37.1637033390539,-3.4542493728079684],[37.16372069826882,-3.4452070650799684],[37.17271897657604,-3.445224443655789],[37.17270170231042,-3.4542667971018295],[37.171284956375224,-3.4542640594119325],[37.17069493054154,-3.454009824201171],[37.169431279414525,-3.4536462074413286]]]}},{"type":"Feature","properties":{"value":33.43,"pixel_id":"296:9619"},"geometry":{"type":"Polygon","coordinates":[[[37.16372069826882,-3.4452070650799684],[37.163738011710336,-3.4361647555456583],[37.17273620529225,-3.436182088404264],[37.17271897657604,-3.445224443655789],[37.16372069826882,-3.4452070650799684]]]}},{"type":"Feature","properties":{"value":34.61,"pixel_id":"296:9620"},"geometry":{"type":"Polygon","coordinates":[[[37.163738011710336,-3.4361647555456583],[37.1637552793806,-3.42712244420976],[37.172753388461196,-3.427139731351973],[37.17273620529225,-3.436182088404264],[37.163738011710336,-3.4361647555456583]]]}},{"type":"Feature","properties":{"value":7.53,"pixel_id":"296:9621"},"geometry":{"type":"Polygon","coordinates":[[[37.1637552793806,-3.42712244420976],[37.16377250128175,-3.418080131076992],[37.172770526084996,-3.418097372503635],[37.172753388461196,-3.427139731351973],[37.1637552793806,-3.42712244420976]]]}},{"type":"Feature","properties":{"value":14.21,"pixel_id":"296:9622"},"geometry":{"type":"Polygon","coordinates":[[[37.16377250128175,-3.418080131076992],[37.16378967741589,-3.409037816152079],[37.17278761816575,-3.4090550118639684],[37.172770526084996,-3.418097372503635],[37.16377250128175,-3.418080131076992]]]}},{"type":"Feature","properties":{"value":68.05,"pixel_id":"296:9623"},"geometry":{"type":"Polygon","coordinates":[[[37.16378967741589,-3.409037816152079],[37.16380680778516,-3.399995499439741],[37.17280466470559,-3.400012649437694],[37.17278761816575,-3.4090550118639684],[37.16378967741589,-3.409037816152079]]]}},{"type":"Feature","properties":{"value":83.23,"pixel_id":"296:9624"},"geometry":{"type":"Polygon","coordinates":[[[37.16380680778516,-3.399995499439741],[37.16382389239167,-3.3909531809446993],[37.1728216657066,-3.390970285229529],[37.17280466470559,-3.400012649437694],[37.16380680778516,-3.399995499439741]]]}},{"type":"Feature","properties":{"value":80.74,"pixel_id":"296:9625"},"geometry":{"type":"Polygon","coordinates":[[[37.16382389239167,-3.3909531809446993],[37.16384093123753,-3.381910860671675],[37.17283862117091,-3.3819279192441942],[37.1728216657066,-3.390970285229529],[37.16382389239167,-3.3909531809446993]]]}},{"type":"Feature","properties":{"value":53.35,"pixel_id":"296:9626"},"geometry":{"type":"Polygon","coordinates":[[[37.16384093123753,-3.381910860671675],[37.163857924324844,-3.372868538625391],[37.17285553110059,-3.3728855514864096],[37.17283862117091,-3.3819279192441942],[37.16384093123753,-3.381910860671675]]]}},{"type":"Feature","properties":{"value":15.89,"pixel_id":"296:9627"},"geometry":{"type":"Polygon","coordinates":[[[37.163857924324844,-3.372868538625391],[37.16387487165572,-3.3638262148105693],[37.172872395497734,-3.363843181960894],[37.17285553110059,-3.3728855514864096],[37.163857924324844,-3.372868538625391]]]}},{"type":"Feature","properties":{"value":61.33,"pixel_id":"296:9628"},"geometry":{"type":"Polygon","coordinates":[[[37.16387487165572,-3.3638262148105693],[37.16389177323224,-3.354783889231931],[37.17288921436443,-3.354800810672367],[37.172872395497734,-3.363843181960894],[37.16387487165572,-3.3638262148105693]]]}},{"type":"Feature","properties":{"value":9.99,"pixel_id":"296:9629"},"geometry":{"type":"Polygon","coordinates":[[[37.16389177323224,-3.354783889231931],[37.1639086290565,-3.3457415618941977],[37.172905987702755,-3.34575843762555],[37.17288921436443,-3.354800810672367],[37.16389177323224,-3.354783889231931]]]}},{"type":"Feature","properties":{"value":4.74,"pixel_id":"296:9630"},"geometry":{"type":"Polygon","coordinates":[[[37.1639086290565,-3.3457415618941977],[37.16392543913058,-3.3366992328020957],[37.17292271551478,-3.3367160628251624],[37.172905987702755,-3.34575843762555],[37.1639086290565,-3.3457415618941977]]]}},{"type":"Feature","properties":{"value":21.82,"pixel_id":"296:9631"},"geometry":{"type":"Polygon","coordinates":[[[37.16392543913058,-3.3366992328020957],[37.16394220345655,-3.3276569019603435],[37.172939397802566,-3.3276736862759257],[37.17292271551478,-3.3367160628251624],[37.16392543913058,-3.3366992328020957]]]}},{"type":"Feature","properties":{"value":7.17,"pixel_id":"296:9632"},"geometry":{"type":"Polygon","coordinates":[[[37.16394220345655,-3.3276569019603435],[37.163958922036485,-3.3186145693736653],[37.17295603456818,-3.318631307982559],[37.172939397802566,-3.3276736862759257],[37.16394220345655,-3.3276569019603435]]]}},{"type":"Feature","properties":{"value":26.38,"pixel_id":"296:9633"},"geometry":{"type":"Polygon","coordinates":[[[37.163958922036485,-3.3186145693736653],[37.16397559487246,-3.3095722350467853],[37.17297262581368,-3.3095889279497834],[37.17295603456818,-3.318631307982559],[37.163958922036485,-3.3186145693736653]]]}},{"type":"Feature","properties":{"value":14.37,"pixel_id":"296:9634"},"geometry":{"type":"Polygon","coordinates":[[[37.16397559487246,-3.3095722350467853],[37.16399222196652,-3.300529898984423],[37.172989171541104,-3.300546546182321],[37.17297262581368,-3.3095889279497834],[37.16397559487246,-3.3095722350467853]]]}},{"type":"Feature","properties":{"value":15.99,"pixel_id":"296:9635"},"geometry":{"type":"Polygon","coordinates":[[[37.16399222196652,-3.300529898984423],[37.16400880332071,-3.291487561191307],[37.1730056717525,-3.2915041626848907],[37.172989171541104,-3.300546546182321],[37.16399222196652,-3.300529898984423]]]}},{"type":"Feature","properties":{"value":9.27,"pixel_id":"296:9636"},"geometry":{"type":"Polygon","coordinates":[[[37.16400880332071,-3.291487561191307],[37.1640253389371,-3.282445221672155],[37.173022126449915,-3.2824617774622156],[37.1730056717525,-3.2915041626848907],[37.16400880332071,-3.291487561191307]]]}},{"type":"Feature","properties":{"value":19.82,"pixel_id":"296:9637"},"geometry":{"type":"Polygon","coordinates":[[[37.1640253389371,-3.282445221672155],[37.16404182881773,-3.273402880431694],[37.17303853563537,-3.2734193905190163],[37.173022126449915,-3.2824617774622156],[37.1640253389371,-3.282445221672155]]]}},{"type":"Feature","properties":{"value":13.88,"pixel_id":"296:9638"},"geometry":{"type":"Polygon","coordinates":[[[37.16404182881773,-3.273402880431694],[37.164058272964624,-3.2643605374746474],[37.17305489931089,-3.264377001860014],[37.17303853563537,-3.2734193905190163],[37.16404182881773,-3.273402880431694]]]}},{"type":"Feature","properties":{"value":68.24,"pixel_id":"296:9639"},"geometry":{"type":"Polygon","coordinates":[[[37.164058272964624,-3.2643605374746474],[37.16407467137982,-3.255318192805738],[37.17307121747851,-3.25533461148993],[37.17305489931089,-3.264377001860014],[37.164058272964624,-3.2643605374746474]]]}},{"type":"Feature","properties":{"value":57.75,"pixel_id":"296:9640"},"geometry":{"type":"Polygon","coordinates":[[[37.16407467137982,-3.255318192805738],[37.16409102406534,-3.2462758464296892],[37.173087490140226,-3.2462922194134882],[37.17307121747851,-3.25533461148993],[37.16407467137982,-3.255318192805738]]]}},{"type":"Feature","properties":{"value":54.25,"pixel_id":"296:9641"},"geometry":{"type":"Polygon","coordinates":[[[37.16409102406534,-3.2462758464296892],[37.1641073310232,-3.2372334983512276],[37.17310371729806,-3.2372498256354083],[37.173087490140226,-3.2462922194134882],[37.16409102406534,-3.2462758464296892]]]}},{"type":"Feature","properties":{"value":72.46,"pixel_id":"296:9642"},"geometry":{"type":"Polygon","coordinates":[[[37.1641073310232,-3.2372334983512276],[37.16412359225542,-3.228191148575075],[37.17311989895402,-3.228207430160413],[37.17310371729806,-3.2372498256354083],[37.1641073310232,-3.2372334983512276]]]}},{"type":"Feature","properties":{"value":78.82,"pixel_id":"296:9643"},"geometry":{"type":"Polygon","coordinates":[[[37.16412359225542,-3.228191148575075],[37.16413980776401,-3.219148797105958],[37.17313603511009,-3.219165032993225],[37.17311989895402,-3.228207430160413],[37.16412359225542,-3.228191148575075]]]}},{"type":"Feature","properties":{"value":84.34,"pixel_id":"296:9644"},"geometry":{"type":"Polygon","coordinates":[[[37.16413980776401,-3.219148797105958],[37.16415597755097,-3.2101064439485985],[37.17315212576827,-3.2101226341385654],[37.17313603511009,-3.219165032993225],[37.16413980776401,-3.219148797105958]]]}},{"type":"Feature","properties":{"value":81.64,"pixel_id":"296:9645"},"geometry":{"type":"Polygon","coordinates":[[[37.16415597755097,-3.2101064439485985],[37.16417210161829,-3.201064089107723],[37.17316817093055,-3.201080233601158],[37.17315212576827,-3.2101226341385654],[37.16415597755097,-3.2101064439485985]]]}},{"type":"Feature","properties":{"value":85.34,"pixel_id":"296:9646"},"geometry":{"type":"Polygon","coordinates":[[[37.16417210161829,-3.201064089107723],[37.16418817996797,-3.192021732588057],[37.17318417059891,-3.1920378313857265],[37.17316817093055,-3.201080233601158],[37.16417210161829,-3.201064089107723]]]}},{"type":"Feature","properties":{"value":96.37,"pixel_id":"296:9647"},"geometry":{"type":"Polygon","coordinates":[[[37.16418817996797,-3.192021732588057],[37.16420421260199,-3.182979374394323],[37.17320012477532,-3.182995427496991],[37.17318417059891,-3.1920378313857265],[37.16418817996797,-3.192021732588057]]]}},{"type":"Feature","properties":{"value":100.0,"pixel_id":"296:9648"},"geometry":{"type":"Polygon","coordinates":[[[37.16420421260199,-3.182979374394323],[37.16422019952233,-3.1739370145312487],[37.173216033461756,-3.173953021939676],[37.17320012477532,-3.182995427496991],[37.16420421260199,-3.182979374394323]]]}},{"type":"Feature","properties":{"value":100.0,"pixel_id":"296:9649"},"geometry":{"type":"Polygon","coordinates":[[[37.16422019952233,-3.1739370145312487],[37.16423614073097,-3.1648946530035578],[37.17323189666018,-3.1649106147185044],[37.173216033461756,-3.173953021939676],[37.16422019952233,-3.1739370145312487]]]}},{"type":"Feature","properties":{"value":100.0,"pixel_id":"296:9650"},"geometry":{"type":"Polygon","coordinates":[[[37.16423614073097,-3.1648946530035578],[37.16425203622986,-3.155852289815977],[37.17324771437254,-3.1558682058381997],[37.17323189666018,-3.1649106147185044],[37.16423614073097,-3.1648946530035578]]]}},{"type":"Feature","properties":{"value":100.0,"pixel_id":"296:9651"},"geometry":{"type":"Polygon","coordinates":[[[37.1644326192874,-3.153296041610655],[37.16465010860421,-3.1529575840688664],[37.164817681235625,-3.152515808054844],[37.16477133176022,-3.1518994581351216],[37.164921077324806,-3.1512510437973824],[37.16496029687182,-3.150713073051597],[37.16545232122091,-3.1501715406525492],[37.1668948799216,-3.1481936808833395],[37.16759295266674,-3.1468158002431745],[37.17326348660082,-3.146825795303485],[37.17324771437254,-3.1558682058381997],[37.16425203622986,-3.155852289815977],[37.16425576213272,-3.153728991158132],[37.1644326192874,-3.153296041610655]]]}},{"type":"Feature","properties":{"value":100.0,"pixel_id":"296:9652"},"geometry":{"type":"Polygon","coordinates":[[[37.16787414419262,-3.146260772571923],[37.169554611814824,-3.1418633944645555],[37.17001401923427,-3.141017743057533],[37.17063774828214,-3.1401440566219185],[37.171347560188735,-3.139545488271191],[37.172407082642145,-3.138258390546092],[37.17284170100154,-3.1377826152591197],[37.17327921334692,-3.137783383119084],[37.17326348660082,-3.146825795303485],[37.16759295266674,-3.1468158002431745],[37.16787414419262,-3.146260772571923]]]}},{"type":"Feature","properties":{"value":100.0,"pixel_id":"296:9653"},"geometry":{"type":"Polygon","coordinates":[[[37.17302340687711,-3.137583702177822],[37.173279936062706,-3.137367213494137],[37.17327921334692,-3.137783383119084],[37.17284170100154,-3.1377826152591197],[37.17302340687711,-3.137583702177822]]]}},{"type":"Feature","properties":{"value":19.06,"pixel_id":"297:9617"},"geometry":{"type":"MultiPolygon","coordinates":[[[[37.17919496223642,-3.4582287289511267],[37.17763022008066,-3.4582471819580034],[37.177110792623814,-3.457702177184418],[37.17644609411082,-3.4567767798379183],[37.17611482687508,-3.4563155964590675],[37.17594346065822,-3.4560915005333315],[37.17577212318742,-3.4558677701486067],[37.17571034963862,-3.4556106306658925],[37.176060044015784,-3.455292982898924],[37.17626024256,-3.4548416084729165],[37.17589148952577,-3.454367752879523],[37.175486123814075,-3.45427217147823],[37.18170011111848,-3.45428413591738],[37.181689787952486,-3.4597031858889156],[37.18140316763019,-3.4590891467242297],[37.18048697946515,-3.458161126598374],[37.17919496223642,-3.4582287289511267]]],[[[37.17402730025825,-3.4544602854912396],[37.17270078259897,-3.4547475598479185],[37.17270170231042,-3.4542667971018295],[37.17539587846559,-3.4542719974188203],[37.17508105462924,-3.454566799176596],[37.17443120616619,-3.454372814343021],[37.17402730025825,-3.4544602854912396]]]]}},{"type":"Feature","properties":{"value":20.8,"pixel_id":"297:9618"},"geometry":{"type":"Polygon","coordinates":[[[37.17541388313697,-3.454255137791861],[37.17539587846559,-3.4542719974188203],[37.17270170231042,-3.4542667971018295],[37.17271897657604,-3.445224443655789],[37.18171730043266,-3.4452417369775774],[37.18170011111848,-3.45428413591738],[37.175486123814075,-3.45427217147823],[37.17541388313697,-3.454255137791861]]]}},{"type":"Feature","properties":{"value":30.24,"pixel_id":"297:9619"},"geometry":{"type":"Polygon","coordinates":[[[37.17271897657604,-3.445224443655789],[37.17273620529225,-3.436182088404264],[37.181734444421444,-3.4361993362331105],[37.18171730043266,-3.4452417369775774],[37.17271897657604,-3.445224443655789]]]}},{"type":"Feature","properties":{"value":18.76,"pixel_id":"297:9620"},"geometry":{"type":"Polygon","coordinates":[[[37.17273620529225,-3.436182088404264],[37.172753388461196,-3.427139731351973],[37.181751543086946,-3.4271569336886967],[37.181734444421444,-3.4361993362331105],[37.17273620529225,-3.436182088404264]]]}},{"type":"Feature","properties":{"value":0.0,"pixel_id":"297:9621"},"geometry":{"type":"Polygon","coordinates":[[[37.172753388461196,-3.427139731351973],[37.172770526084996,-3.418097372503635],[37.181768596431276,-3.4181145293490522],[37.181751543086946,-3.4271569336886967],[37.172753388461196,-3.427139731351973]]]}},{"type":"Feature","properties":{"value":17.65,"pixel_id":"297:9622"},"geometry":{"type":"Polygon","coordinates":[[[37.172770526084996,-3.418097372503635],[37.17278761816575,-3.4090550118639684],[37.181785604456536,-3.409072123218894],[37.181768596431276,-3.4181145293490522],[37.172770526084996,-3.418097372503635]]]}},{"type":"Feature","properties":{"value":8.38,"pixel_id":"297:9623"},"geometry":{"type":"Polygon","coordinates":[[[37.17278761816575,-3.4090550118639684],[37.17280466470559,-3.400012649437694],[37.18180256716483,-3.4000297153029395],[37.181785604456536,-3.409072123218894],[37.17278761816575,-3.4090550118639684]]]}},{"type":"Feature","properties":{"value":75.86,"pixel_id":"297:9624"},"geometry":{"type":"Polygon","coordinates":[[[37.17280466470559,-3.400012649437694],[37.1728216657066,-3.390970285229529],[37.181819484558254,-3.390987305605906],[37.18180256716483,-3.4000297153029395],[37.17280466470559,-3.400012649437694]]]}},{"type":"Feature","properties":{"value":74.04,"pixel_id":"297:9625"},"geometry":{"type":"Polygon","coordinates":[[[37.1728216657066,-3.390970285229529],[37.17283862117091,-3.3819279192441942],[37.181836356638904,-3.3819448941325096],[37.181819484558254,-3.390987305605906],[37.1728216657066,-3.390970285229529]]]}},{"type":"Feature","properties":{"value":45.12,"pixel_id":"297:9626"},"geometry":{"type":"Polygon","coordinates":[[[37.17283862117091,-3.3819279192441942],[37.17285553110059,-3.3728855514864096],[37.181853183408855,-3.3729024808874684],[37.181836356638904,-3.3819448941325096],[37.17283862117091,-3.3819279192441942]]]}},{"type":"Feature","properties":{"value":55.58,"pixel_id":"297:9627"},"geometry":{"type":"Polygon","coordinates":[[[37.17285553110059,-3.3728855514864096],[37.172872395497734,-3.363843181960894],[37.181869964870195,-3.3638600658755005],[37.181853183408855,-3.3729024808874684],[37.17285553110059,-3.3728855514864096]]]}},{"type":"Feature","properties":{"value":15.27,"pixel_id":"297:9628"},"geometry":{"type":"Polygon","coordinates":[[[37.172872395497734,-3.363843181960894],[37.17288921436443,-3.354800810672367],[37.181886701024986,-3.354817649101324],[37.181869964870195,-3.3638600658755005],[37.172872395497734,-3.363843181960894]]]}},{"type":"Feature","properties":{"value":29.06,"pixel_id":"297:9629"},"geometry":{"type":"Polygon","coordinates":[[[37.17288921436443,-3.354800810672367],[37.172905987702755,-3.34575843762555],[37.1819033918753,-3.345775230569655],[37.181886701024986,-3.354817649101324],[37.17288921436443,-3.354800810672367]]]}},{"type":"Feature","properties":{"value":24.68,"pixel_id":"297:9630"},"geometry":{"type":"Polygon","coordinates":[[[37.172905987702755,-3.34575843762555],[37.17292271551478,-3.3367160628251624],[37.18192003742321,-3.3367328102852127],[37.1819033918753,-3.345775230569655],[37.172905987702755,-3.34575843762555]]]}},{"type":"Feature","properties":{"value":18.84,"pixel_id":"297:9631"},"geometry":{"type":"Polygon","coordinates":[[[37.17292271551478,-3.3367160628251624],[37.172939397802566,-3.3276736862759257],[37.18193663767075,-3.327690388252716],[37.18192003742321,-3.3367328102852127],[37.17292271551478,-3.3367160628251624]]]}},{"type":"Feature","properties":{"value":5.61,"pixel_id":"297:9632"},"geometry":{"type":"Polygon","coordinates":[[[37.172939397802566,-3.3276736862759257],[37.17295603456818,-3.318631307982559],[37.18195319261999,-3.318647964476882],[37.18193663767075,-3.327690388252716],[37.172939397802566,-3.3276736862759257]]]}},{"type":"Feature","properties":{"value":12.65,"pixel_id":"297:9633"},"geometry":{"type":"Polygon","coordinates":[[[37.17295603456818,-3.318631307982559],[37.17297262581368,-3.3095889279497834],[37.18196970227297,-3.309605538962431],[37.18195319261999,-3.318647964476882],[37.17295603456818,-3.318631307982559]]]}},{"type":"Feature","properties":{"value":25.53,"pixel_id":"297:9634"},"geometry":{"type":"Polygon","coordinates":[[[37.17297262581368,-3.3095889279497834],[37.172989171541104,-3.300546546182321],[37.181986166631724,-3.3005631117140797],[37.18196970227297,-3.309605538962431],[37.17297262581368,-3.3095889279497834]]]}},{"type":"Feature","properties":{"value":1.62,"pixel_id":"297:9635"},"geometry":{"type":"Polygon","coordinates":[[[37.172989171541104,-3.300546546182321],[37.1730056717525,-3.2915041626848907],[37.18200258569828,-3.2915206827365475],[37.181986166631724,-3.3005631117140797],[37.172989171541104,-3.300546546182321]]]}},{"type":"Feature","properties":{"value":9.72,"pixel_id":"297:9636"},"geometry":{"type":"Polygon","coordinates":[[[37.1730056717525,-3.2915041626848907],[37.173022126449915,-3.2824617774622156],[37.18201895947468,-3.2824782520345543],[37.18200258569828,-3.2915206827365475],[37.1730056717525,-3.2915041626848907]]]}},{"type":"Feature","properties":{"value":32.23,"pixel_id":"297:9637"},"geometry":{"type":"Polygon","coordinates":[[[37.173022126449915,-3.2824617774622156],[37.17303853563537,-3.2734193905190163],[37.18203528796293,-3.2734358196128195],[37.18201895947468,-3.2824782520345543],[37.173022126449915,-3.2824617774622156]]]}},{"type":"Feature","properties":{"value":40.55,"pixel_id":"297:9638"},"geometry":{"type":"Polygon","coordinates":[[[37.17303853563537,-3.2734193905190163],[37.17305489931089,-3.264377001860014],[37.18205157116507,-3.2643933854760605],[37.18203528796293,-3.2734358196128195],[37.17303853563537,-3.2734193905190163]]]}},{"type":"Feature","properties":{"value":57.99,"pixel_id":"297:9639"},"geometry":{"type":"Polygon","coordinates":[[[37.17305489931089,-3.264377001860014],[37.17307121747851,-3.25533461148993],[37.18206780908309,-3.255350949628998],[37.18205157116507,-3.2643933854760605],[37.17305489931089,-3.264377001860014]]]}},{"type":"Feature","properties":{"value":49.78,"pixel_id":"297:9640"},"geometry":{"type":"Polygon","coordinates":[[[37.17307121747851,-3.25533461148993],[37.173087490140226,-3.2462922194134882],[37.182084001719,-3.2463085120763515],[37.18206780908309,-3.255350949628998],[37.17307121747851,-3.25533461148993]]]}},{"type":"Feature","properties":{"value":42.65,"pixel_id":"297:9641"},"geometry":{"type":"Polygon","coordinates":[[[37.173087490140226,-3.2462922194134882],[37.17310371729806,-3.2372498256354083],[37.182100149074806,-3.237266072822841],[37.182084001719,-3.2463085120763515],[37.173087490140226,-3.2462922194134882]]]}},{"type":"Feature","properties":{"value":67.65,"pixel_id":"297:9642"},"geometry":{"type":"Polygon","coordinates":[[[37.17310371729806,-3.2372498256354083],[37.17311989895402,-3.228207430160413],[37.18211625115249,-3.228223631873186],[37.182100149074806,-3.237266072822841],[37.17310371729806,-3.2372498256354083]]]}},{"type":"Feature","properties":{"value":83.78,"pixel_id":"297:9643"},"geometry":{"type":"Polygon","coordinates":[[[37.17311989895402,-3.228207430160413],[37.17313603511009,-3.219165032993225],[37.182132307954056,-3.2191811892321067],[37.18211625115249,-3.228223631873186],[37.17311989895402,-3.228207430160413]]]}},{"type":"Feature","properties":{"value":72.53,"pixel_id":"297:9644"},"geometry":{"type":"Polygon","coordinates":[[[37.17313603511009,-3.219165032993225],[37.17315212576827,-3.2101226341385654],[37.18214831948147,-3.2101387449043237],[37.182132307954056,-3.2191811892321067],[37.17313603511009,-3.219165032993225]]]}},{"type":"Feature","properties":{"value":89.86,"pixel_id":"297:9645"},"geometry":{"type":"Polygon","coordinates":[[[37.17315212576827,-3.2101226341385654],[37.17316817093055,-3.201080233601158],[37.18216428573673,-3.201096298894557],[37.18214831948147,-3.2101387449043237],[37.17315212576827,-3.2101226341385654]]]}},{"type":"Feature","properties":{"value":95.07,"pixel_id":"297:9646"},"geometry":{"type":"Polygon","coordinates":[[[37.17316817093055,-3.201080233601158],[37.17318417059891,-3.1920378313857265],[37.18218020672179,-3.192053851207527],[37.18216428573673,-3.201096298894557],[37.17316817093055,-3.201080233601158]]]}},{"type":"Feature","properties":{"value":100.0,"pixel_id":"297:9647"},"geometry":{"type":"Polygon","coordinates":[[[37.17318417059891,-3.1920378313857265],[37.17320012477532,-3.182995427496991],[37.18219608243862,-3.183011401847954],[37.18218020672179,-3.192053851207527],[37.17318417059891,-3.1920378313857265]]]}},{"type":"Feature","properties":{"value":100.0,"pixel_id":"297:9648"},"geometry":{"type":"Polygon","coordinates":[[[37.17320012477532,-3.182995427496991],[37.173216033461756,-3.173953021939676],[37.18221191288919,-3.1739689508205595],[37.18219608243862,-3.183011401847954],[37.17320012477532,-3.182995427496991]]]}},{"type":"Feature","properties":{"value":100.0,"pixel_id":"297:9649"},"geometry":{"type":"Polygon","coordinates":[[[37.173216033461756,-3.173953021939676],[37.17323189666018,-3.1649106147185044],[37.18222769807544,-3.1649264981300647],[37.18221191288919,-3.1739689508205595],[37.173216033461756,-3.173953021939676]]]}},{"type":"Feature","properties":{"value":100.0,"pixel_id":"297:9650"},"geometry":{"type":"Polygon","coordinates":[[[37.17323189666018,-3.1649106147185044],[37.17324771437254,-3.1558682058381997],[37.182243437999325,-3.1558840437811906],[37.18222769807544,-3.1649264981300647],[37.17323189666018,-3.1649106147185044]]]}},{"type":"Feature","properties":{"value":100.0,"pixel_id":"297:9651"},"geometry":{"type":"Polygon","coordinates":[[[37.17324771437254,-3.1558682058381997],[37.17326348660082,-3.146825795303485],[37.182259132662786,-3.146841587778657],[37.182243437999325,-3.1558840437811906],[37.17324771437254,-3.1558682058381997]]]}},{"type":"Feature","properties":{"value":100.0,"pixel_id":"297:9652"},"geometry":{"type":"Polygon","coordinates":[[[37.17326348660082,-3.146825795303485],[37.17327921334692,-3.137783383119084],[37.182274782067765,-3.137799130127186],[37.182259132662786,-3.146841587778657],[37.17326348660082,-3.146825795303485]]]}},{"type":"Feature","properties":{"value":100.0,"pixel_id":"297:9653"},"geometry":{"type":"Polygon","coordinates":[[[37.173847480894565,-3.136888253483269],[37.175222091027166,-3.1350752402806683],[37.176477046462246,-3.133498519868253],[37.177421987902875,-3.131056058354805],[37.17782516437881,-3.1300614469736274],[37.17887467468755,-3.1287507178660507],[37.182290386216195,-3.1287566708315],[37.182274782067765,-3.137799130127186],[37.17327921334692,-3.137783383119084],[37.173279936062706,-3.137367213494137],[37.173847480894565,-3.136888253483269]]]}},{"type":"Feature","properties":{"value":100.0,"pixel_id":"297:9654"},"geometry":{"type":"Polygon","coordinates":[[[37.179627558537895,-3.1278104404441254],[37.181005165450266,-3.1260442303616425],[37.18173295803561,-3.124018278012528],[37.181005165450266,-3.122381930415902],[37.18126628511939,-3.119712404368161],[37.18230594511,-3.1197142098963204],[37.182290386216195,-3.1287566708315],[37.17887467468755,-3.1287507178660507],[37.179627558537895,-3.1278104404441254]]]}},{"type":"Feature","properties":{"value":100.0,"pixel_id":"297:9655"},"geometry":{"type":"Polygon","coordinates":[[[37.18134306854104,-3.1189274078326448],[37.18175894989002,-3.1166676765757884],[37.18231487056783,-3.1145150360592013],[37.18230594511,-3.1197142098963204],[37.18126628511939,-3.119712404368161],[37.18134306854104,-3.1189274078326448]]]}},{"type":"Feature","properties":{"value":28.87,"pixel_id":"298:9617"},"geometry":{"type":"Polygon","coordinates":[[[37.19061217040855,-3.454642808672509],[37.1903913591218,-3.454871749756823],[37.189715261886136,-3.4556092585570135],[37.18951002738644,-3.45590497956327],[37.189073869264845,-3.4563444730093287],[37.18862701939476,-3.4565179245677147],[37.18745487874743,-3.4565518463148335],[37.186948281029466,-3.457766574981412],[37.1868323866797,-3.458468159440297],[37.186992455683566,-3.4593378513289004],[37.18625402794361,-3.4599673351410978],[37.184417012713446,-3.461533339648752],[37.18205598861849,-3.4604877129804863],[37.181689787952486,-3.4597031858889156],[37.18170011111848,-3.45428413591738],[37.19069856525406,-3.454301389252483],[37.190698087291736,-3.454553728286297],[37.19061217040855,-3.454642808672509]]]}},{"type":"Feature","properties":{"value":39.94,"pixel_id":"298:9618"},"geometry":{"type":"Polygon","coordinates":[[[37.18170011111848,-3.45428413591738],[37.18171730043266,-3.4452417369775774],[37.19071566961469,-3.4452589450432],[37.19069856525406,-3.454301389252483],[37.18170011111848,-3.45428413591738]]]}},{"type":"Feature","properties":{"value":5.51,"pixel_id":"298:9619"},"geometry":{"type":"Polygon","coordinates":[[[37.18171730043266,-3.4452417369775774],[37.181734444421444,-3.4361993362331105],[37.19073272887392,-3.436216499030071],[37.19071566961469,-3.4452589450432],[37.18171730043266,-3.4452417369775774]]]}},{"type":"Feature","properties":{"value":0.85,"pixel_id":"298:9620"},"geometry":{"type":"Polygon","coordinates":[[[37.181734444421444,-3.4361993362331105],[37.181751543086946,-3.4271569336886967],[37.19074974303386,-3.4271740512178095],[37.19073272887392,-3.436216499030071],[37.181734444421444,-3.4361993362331105]]]}},{"type":"Feature","properties":{"value":6.98,"pixel_id":"298:9621"},"geometry":{"type":"Polygon","coordinates":[[[37.181751543086946,-3.4271569336886967],[37.181768596431276,-3.4181145293490522],[37.19076671209662,-3.4181316016111296],[37.19074974303386,-3.4271740512178095],[37.181751543086946,-3.4271569336886967]]]}},{"type":"Feature","properties":{"value":4.23,"pixel_id":"298:9622"},"geometry":{"type":"Polygon","coordinates":[[[37.181768596431276,-3.4181145293490522],[37.181785604456536,-3.409072123218894],[37.190783636064275,-3.4090891502147462],[37.19076671209662,-3.4181316016111296],[37.181768596431276,-3.4181145293490522]]]}},{"type":"Feature","properties":{"value":13.5,"pixel_id":"298:9623"},"geometry":{"type":"Polygon","coordinates":[[[37.181785604456536,-3.409072123218894],[37.18180256716483,-3.4000297153029395],[37.19080051493894,-3.4000466970333747],[37.190783636064275,-3.4090891502147462],[37.181785604456536,-3.409072123218894]]]}},{"type":"Feature","properties":{"value":49.96,"pixel_id":"298:9624"},"geometry":{"type":"Polygon","coordinates":[[[37.18180256716483,-3.4000297153029395],[37.181819484558254,-3.390987305605906],[37.19081734872269,-3.3910042420717312],[37.19080051493894,-3.4000466970333747],[37.18180256716483,-3.4000297153029395]]]}},{"type":"Feature","properties":{"value":76.03,"pixel_id":"298:9625"},"geometry":{"type":"Polygon","coordinates":[[[37.181819484558254,-3.390987305605906],[37.181836356638904,-3.3819448941325096],[37.1908341374176,-3.3819617853345276],[37.19081734872269,-3.3910042420717312],[37.181819484558254,-3.390987305605906]]]}},{"type":"Feature","properties":{"value":48.86,"pixel_id":"298:9626"},"geometry":{"type":"Polygon","coordinates":[[[37.181836356638904,-3.3819448941325096],[37.181853183408855,-3.3729024808874684],[37.190850881025746,-3.3729193268264814],[37.1908341374176,-3.3819617853345276],[37.181836356638904,-3.3819448941325096]]]}},{"type":"Feature","properties":{"value":18.61,"pixel_id":"298:9627"},"geometry":{"type":"Polygon","coordinates":[[[37.181853183408855,-3.3729024808874684],[37.181869964870195,-3.3638600658755005],[37.1908675795492,-3.3638768665523084],[37.190850881025746,-3.3729193268264814],[37.181853183408855,-3.3729024808874684]]]}},{"type":"Feature","properties":{"value":10.46,"pixel_id":"298:9628"},"geometry":{"type":"Polygon","coordinates":[[[37.181869964870195,-3.3638600658755005],[37.181886701024986,-3.354817649101324],[37.19088423299002,-3.354834404516724],[37.1908675795492,-3.3638768665523084],[37.181869964870195,-3.3638600658755005]]]}},{"type":"Feature","properties":{"value":7.87,"pixel_id":"298:9629"},"geometry":{"type":"Polygon","coordinates":[[[37.181886701024986,-3.354817649101324],[37.1819033918753,-3.345775230569655],[37.19090084135028,-3.345791940724442],[37.19088423299002,-3.354834404516724],[37.181886701024986,-3.354817649101324]]]}},{"type":"Feature","properties":{"value":12.16,"pixel_id":"298:9630"},"geometry":{"type":"Polygon","coordinates":[[[37.1819033918753,-3.345775230569655],[37.18192003742321,-3.3367328102852127],[37.190917404632,-3.3367494751801816],[37.19090084135028,-3.345791940724442],[37.1819033918753,-3.345775230569655]]]}},{"type":"Feature","properties":{"value":6.8,"pixel_id":"298:9631"},"geometry":{"type":"Polygon","coordinates":[[[37.18192003742321,-3.3367328102852127],[37.18193663767075,-3.327690388252716],[37.19093392283725,-3.3277070078886557],[37.190917404632,-3.3367494751801816],[37.18192003742321,-3.3367328102852127]]]}},{"type":"Feature","properties":{"value":12.76,"pixel_id":"298:9632"},"geometry":{"type":"Polygon","coordinates":[[[37.18193663767075,-3.327690388252716],[37.18195319261999,-3.318647964476882],[37.19095039596807,-3.318664538854583],[37.19093392283725,-3.3277070078886557],[37.18193663767075,-3.327690388252716]]]}},{"type":"Feature","properties":{"value":2.45,"pixel_id":"298:9633"},"geometry":{"type":"Polygon","coordinates":[[[37.18195319261999,-3.318647964476882],[37.18196970227297,-3.309605538962431],[37.19096682402648,-3.3096220680826773],[37.19095039596807,-3.318664538854583],[37.18195319261999,-3.318647964476882]]]}},{"type":"Feature","properties":{"value":0.98,"pixel_id":"298:9634"},"geometry":{"type":"Polygon","coordinates":[[[37.18196970227297,-3.309605538962431],[37.181986166631724,-3.3005631117140797],[37.190983207014526,-3.3005795955776587],[37.19096682402648,-3.3096220680826773],[37.18196970227297,-3.309605538962431]]]}},{"type":"Feature","properties":{"value":0.85,"pixel_id":"298:9635"},"geometry":{"type":"Polygon","coordinates":[[[37.181986166631724,-3.3005631117140797],[37.18200258569828,-3.2915206827365475],[37.19099954493422,-3.29153712134424],[37.190983207014526,-3.3005795955776587],[37.181986166631724,-3.3005631117140797]]]}},{"type":"Feature","properties":{"value":20.63,"pixel_id":"298:9636"},"geometry":{"type":"Polygon","coordinates":[[[37.18200258569828,-3.2915206827365475],[37.18201895947468,-3.2824782520345543],[37.19101583778758,-3.2824946453871413],[37.19099954493422,-3.29153712134424],[37.18200258569828,-3.2915206827365475]]]}},{"type":"Feature","properties":{"value":91.9,"pixel_id":"298:9637"},"geometry":{"type":"Polygon","coordinates":[[[37.18201895947468,-3.2824782520345543],[37.18203528796293,-3.2734358196128195],[37.19103208557662,-3.2734521677110777],[37.19101583778758,-3.2824946453871413],[37.18201895947468,-3.2824782520345543]]]}},{"type":"Feature","properties":{"value":82.25,"pixel_id":"298:9638"},"geometry":{"type":"Polygon","coordinates":[[[37.18203528796293,-3.2734358196128195],[37.18205157116507,-3.2643933854760605],[37.19104828830336,-3.2644096883207663],[37.19103208557662,-3.2734521677110777],[37.18203528796293,-3.2734358196128195]]]}},{"type":"Feature","properties":{"value":50.44,"pixel_id":"298:9639"},"geometry":{"type":"Polygon","coordinates":[[[37.18205157116507,-3.2643933854760605],[37.18206780908309,-3.255350949628998],[37.19106444596977,-3.255367207220926],[37.19104828830336,-3.2644096883207663],[37.18205157116507,-3.2643933854760605]]]}},{"type":"Feature","properties":{"value":43.88,"pixel_id":"298:9640"},"geometry":{"type":"Polygon","coordinates":[[[37.18206780908309,-3.255350949628998],[37.182084001719,-3.2463085120763515],[37.19108055857788,-3.2463247244162723],[37.19106444596977,-3.255367207220926],[37.18206780908309,-3.255350949628998]]]}},{"type":"Feature","properties":{"value":36.83,"pixel_id":"298:9641"},"geometry":{"type":"Polygon","coordinates":[[[37.182084001719,-3.2463085120763515],[37.182100149074806,-3.237266072822841],[37.19109662612966,-3.2372822399115244],[37.19108055857788,-3.2463247244162723],[37.182084001719,-3.2463085120763515]]]}},{"type":"Feature","properties":{"value":69.15,"pixel_id":"298:9642"},"geometry":{"type":"Polygon","coordinates":[[[37.182100149074806,-3.237266072822841],[37.18211625115249,-3.228223631873186],[37.19111264862709,-3.2282397537113985],[37.19109662612966,-3.2372822399115244],[37.182100149074806,-3.237266072822841]]]}},{"type":"Feature","properties":{"value":87.84,"pixel_id":"298:9643"},"geometry":{"type":"Polygon","coordinates":[[[37.18211625115249,-3.228223631873186],[37.182132307954056,-3.2191811892321067],[37.19112862607217,-3.219197265820614],[37.19111264862709,-3.2282397537113985],[37.18211625115249,-3.228223631873186]]]}},{"type":"Feature","properties":{"value":92.98,"pixel_id":"298:9644"},"geometry":{"type":"Polygon","coordinates":[[[37.182132307954056,-3.2191811892321067],[37.18214831948147,-3.2101387449043237],[37.191144558466846,-3.2101547762438885],[37.19112862607217,-3.219197265820614],[37.182132307954056,-3.2191811892321067]]]}},{"type":"Feature","properties":{"value":83.91,"pixel_id":"298:9645"},"geometry":{"type":"Polygon","coordinates":[[[37.18214831948147,-3.2101387449043237],[37.18216428573673,-3.201096298894557],[37.191160445813104,-3.201112284985939],[37.191144558466846,-3.2101547762438885],[37.18214831948147,-3.2101387449043237]]]}},{"type":"Feature","properties":{"value":89.88,"pixel_id":"298:9646"},"geometry":{"type":"Polygon","coordinates":[[[37.18216428573673,-3.201096298894557],[37.18218020672179,-3.192053851207527],[37.1911762881129,-3.192069792051486],[37.191160445813104,-3.201112284985939],[37.18216428573673,-3.201096298894557]]]}},{"type":"Feature","properties":{"value":77.93,"pixel_id":"298:9647"},"geometry":{"type":"Polygon","coordinates":[[[37.18218020672179,-3.192053851207527],[37.18219608243862,-3.183011401847954],[37.19119208536819,-3.1830272974452463],[37.1911762881129,-3.192069792051486],[37.18218020672179,-3.192053851207527]]]}},{"type":"Feature","properties":{"value":82.33,"pixel_id":"298:9648"},"geometry":{"type":"Polygon","coordinates":[[[37.18219608243862,-3.183011401847954],[37.18221191288919,-3.1739689508205595],[37.19120783758094,-3.173984801171938],[37.19119208536819,-3.1830272974452463],[37.18219608243862,-3.183011401847954]]]}},{"type":"Feature","properties":{"value":99.96,"pixel_id":"298:9649"},"geometry":{"type":"Polygon","coordinates":[[[37.18221191288919,-3.1739689508205595],[37.18222769807544,-3.1649264981300647],[37.191223544753065,-3.1649423032362822],[37.19120783758094,-3.173984801171938],[37.18221191288919,-3.1739689508205595]]]}},{"type":"Feature","properties":{"value":100.0,"pixel_id":"298:9650"},"geometry":{"type":"Polygon","coordinates":[[[37.18222769807544,-3.1649264981300647],[37.182243437999325,-3.1558840437811906],[37.19123920688652,-3.155899803642997],[37.191223544753065,-3.1649423032362822],[37.18222769807544,-3.1649264981300647]]]}},{"type":"Feature","properties":{"value":100.0,"pixel_id":"298:9651"},"geometry":{"type":"Polygon","coordinates":[[[37.182243437999325,-3.1558840437811906],[37.182259132662786,-3.146841587778657],[37.19125482398325,-3.1468573023968],[37.19123920688652,-3.155899803642997],[37.182243437999325,-3.1558840437811906]]]}},{"type":"Feature","properties":{"value":100.0,"pixel_id":"298:9652"},"geometry":{"type":"Polygon","coordinates":[[[37.182259132662786,-3.146841587778657],[37.182274782067765,-3.137799130127186],[37.19127039604516,-3.137814799502411],[37.19125482398325,-3.1468573023968],[37.182259132662786,-3.146841587778657]]]}},{"type":"Feature","properties":{"value":100.0,"pixel_id":"298:9653"},"geometry":{"type":"Polygon","coordinates":[[[37.182274782067765,-3.137799130127186],[37.182290386216195,-3.1287566708315],[37.19128592307419,-3.128772294964552],[37.19127039604516,-3.137814799502411],[37.182274782067765,-3.137799130127186]]]}},{"type":"Feature","properties":{"value":100.0,"pixel_id":"298:9654"},"geometry":{"type":"Polygon","coordinates":[[[37.182290386216195,-3.1287566708315],[37.18230594511,-3.1197142098963204],[37.191301405072245,-3.1197297887879385],[37.19128592307419,-3.128772294964552],[37.182290386216195,-3.1287566708315]]]}},{"type":"Feature","properties":{"value":100.0,"pixel_id":"298:9655"},"geometry":{"type":"Polygon","coordinates":[[[37.18300659393699,-3.111836511809345],[37.184048551361506,-3.1106747357268443],[37.19131684204125,-3.110687280977293],[37.191301405072245,-3.1197297887879385],[37.18230594511,-3.1197142098963204],[37.18231487056783,-3.1145150360592013],[37.18300659393699,-3.111836511809345]]]}},{"type":"Feature","properties":{"value":100.0,"pixel_id":"299:9617"},"geometry":{"type":"Polygon","coordinates":[[[37.190698087291736,-3.454553728286297],[37.19069856525406,-3.454301389252483],[37.1909410176408,-3.4543018529387566],[37.190698087291736,-3.454553728286297]]]}},{"type":"Feature","properties":{"value":52.88,"pixel_id":"299:9618"},"geometry":{"type":"Polygon","coordinates":[[[37.19967849287197,-3.4533340086406152],[37.19909363751973,-3.453033980013876],[37.198320480012576,-3.453505709508442],[37.19776362694436,-3.453384285718506],[37.19769481779022,-3.452820368231853],[37.19732363571145,-3.452198632057564],[37.19667359860219,-3.4524191325328566],[37.196153934888436,-3.4529391489724093],[37.19562340694963,-3.4528167574083395],[37.19574883961108,-3.4520613655973285],[37.19535796107138,-3.451876621254542],[37.19514854940561,-3.451777643963228],[37.194704474431425,-3.45171486430804],[37.19437494723239,-3.4522992079974166],[37.19395078790806,-3.452665116347894],[37.19317944320112,-3.452661843135835],[37.19232771903923,-3.4527942710044637],[37.19177501798426,-3.453702269939018],[37.19094286272251,-3.454299939917816],[37.1909410176408,-3.4543018529387566],[37.19069856525406,-3.454301389252483],[37.19071566961469,-3.4452589450432],[37.199714083898115,-3.4452760678505374],[37.19969883398294,-3.4533795285130786],[37.19967849287197,-3.4533340086406152]]]}},{"type":"Feature","properties":{"value":39.67,"pixel_id":"299:9619"},"geometry":{"type":"Polygon","coordinates":[[[37.19071566961469,-3.4452589450432],[37.19073272887392,-3.436216499030071],[37.199731058425684,-3.43623357679303],[37.199714083898115,-3.4452760678505374],[37.19071566961469,-3.4452589450432]]]}},{"type":"Feature","properties":{"value":11.8,"pixel_id":"299:9620"},"geometry":{"type":"Polygon","coordinates":[[[37.19073272887392,-3.436216499030071],[37.19074974303386,-3.4271740512178095],[37.19974798807797,-3.4271910839372004],[37.199731058425684,-3.43623357679303],[37.19073272887392,-3.436216499030071]]]}},{"type":"Feature","properties":{"value":44.95,"pixel_id":"299:9621"},"geometry":{"type":"Polygon","coordinates":[[[37.19074974303386,-3.4271740512178095],[37.19076671209662,-3.4181316016111296],[37.19976487285705,-3.4181485892877608],[37.19974798807797,-3.4271910839372004],[37.19074974303386,-3.4271740512178095]]]}},{"type":"Feature","properties":{"value":31.12,"pixel_id":"299:9622"},"geometry":{"type":"Polygon","coordinates":[[[37.19076671209662,-3.4181316016111296],[37.190783636064275,-3.4090891502147462],[37.19978171276503,-3.409106092849426],[37.19976487285705,-3.4181485892877608],[37.19076671209662,-3.4181316016111296]]]}},{"type":"Feature","properties":{"value":4.79,"pixel_id":"299:9623"},"geometry":{"type":"Polygon","coordinates":[[[37.190783636064275,-3.4090891502147462],[37.19080051493894,-3.4000466970333747],[37.19979850780397,-3.400063594626906],[37.19978171276503,-3.409106092849426],[37.190783636064275,-3.4090891502147462]]]}},{"type":"Feature","properties":{"value":33.38,"pixel_id":"299:9624"},"geometry":{"type":"Polygon","coordinates":[[[37.19080051493894,-3.4000466970333747],[37.19081734872269,-3.3910042420717312],[37.19981525797595,-3.3910210946249157],[37.19979850780397,-3.400063594626906],[37.19080051493894,-3.4000466970333747]]]}},{"type":"Feature","properties":{"value":31.78,"pixel_id":"299:9625"},"geometry":{"type":"Polygon","coordinates":[[[37.19081734872269,-3.3910042420717312],[37.1908341374176,-3.3819617853345276],[37.19983196328305,-3.3819785928481667],[37.19981525797595,-3.3910210946249157],[37.19081734872269,-3.3910042420717312]]]}},{"type":"Feature","properties":{"value":20.64,"pixel_id":"299:9626"},"geometry":{"type":"Polygon","coordinates":[[[37.1908341374176,-3.3819617853345276],[37.190850881025746,-3.3729193268264814],[37.19984862372733,-3.3729360893013722],[37.19983196328305,-3.3819785928481667],[37.1908341374176,-3.3819617853345276]]]}},{"type":"Feature","properties":{"value":37.33,"pixel_id":"299:9627"},"geometry":{"type":"Polygon","coordinates":[[[37.190850881025746,-3.3729193268264814],[37.1908675795492,-3.3638768665523084],[37.19986523931083,-3.3638935839892468],[37.19984862372733,-3.3729360893013722],[37.190850881025746,-3.3729193268264814]]]}},{"type":"Feature","properties":{"value":46.86,"pixel_id":"299:9628"},"geometry":{"type":"Polygon","coordinates":[[[37.1908675795492,-3.3638768665523084],[37.19088423299002,-3.354834404516724],[37.199881810035635,-3.354851076916503],[37.19986523931083,-3.3638935839892468],[37.1908675795492,-3.3638768665523084]]]}},{"type":"Feature","properties":{"value":15.35,"pixel_id":"299:9629"},"geometry":{"type":"Polygon","coordinates":[[[37.19088423299002,-3.354834404516724],[37.19090084135028,-3.345791940724442],[37.19989833590376,-3.345808568087854],[37.199881810035635,-3.354851076916503],[37.19088423299002,-3.354834404516724]]]}},{"type":"Feature","properties":{"value":3.04,"pixel_id":"299:9630"},"geometry":{"type":"Polygon","coordinates":[[[37.19090084135028,-3.345791940724442],[37.190917404632,-3.3367494751801816],[37.19991481691727,-3.336766057508014],[37.19989833590376,-3.345808568087854],[37.19090084135028,-3.345791940724442]]]}},{"type":"Feature","properties":{"value":0.0,"pixel_id":"299:9631"},"geometry":{"type":"Polygon","coordinates":[[[37.190917404632,-3.3367494751801816],[37.19093392283725,-3.3277070078886557],[37.19993125307819,-3.3277235451816978],[37.19991481691727,-3.336766057508014],[37.190917404632,-3.3367494751801816]]]}},{"type":"Feature","properties":{"value":0.0,"pixel_id":"299:9632"},"geometry":{"type":"Polygon","coordinates":[[[37.19093392283725,-3.3277070078886557],[37.19095039596807,-3.318664538854583],[37.19994764438855,-3.3186810311136172],[37.19993125307819,-3.3277235451816978],[37.19093392283725,-3.3277070078886557]]]}},{"type":"Feature","properties":{"value":0.0,"pixel_id":"299:9633"},"geometry":{"type":"Polygon","coordinates":[[[37.19095039596807,-3.318664538854583],[37.19096682402648,-3.3096220680826773],[37.19996399085037,-3.309638515308489],[37.19994764438855,-3.3186810311136172],[37.19095039596807,-3.318664538854583]]]}},{"type":"Feature","properties":{"value":0.22,"pixel_id":"299:9634"},"geometry":{"type":"Polygon","coordinates":[[[37.19096682402648,-3.3096220680826773],[37.190983207014526,-3.3005795955776587],[37.199980292465675,-3.3005959977710257],[37.19996399085037,-3.309638515308489],[37.19096682402648,-3.3096220680826773]]]}},{"type":"Feature","properties":{"value":7.74,"pixel_id":"299:9635"},"geometry":{"type":"Polygon","coordinates":[[[37.190983207014526,-3.3005795955776587],[37.19099954493422,-3.29153712134424],[37.19999654923649,-3.291553478505943],[37.199980292465675,-3.3005959977710257],[37.190983207014526,-3.3005795955776587]]]}},{"type":"Feature","properties":{"value":22.01,"pixel_id":"299:9636"},"geometry":{"type":"Polygon","coordinates":[[[37.19099954493422,-3.29153712134424],[37.19101583778758,-3.2824946453871413],[37.20001276116481,-3.282510957517956],[37.19999654923649,-3.291553478505943],[37.19099954493422,-3.29153712134424]]]}},{"type":"Feature","properties":{"value":59.28,"pixel_id":"299:9637"},"geometry":{"type":"Polygon","coordinates":[[[37.19101583778758,-3.2824946453871413],[37.19103208557662,-3.2734521677110777],[37.20002892825262,-3.2734684348117775],[37.20001276116481,-3.282510957517956],[37.19101583778758,-3.2824946453871413]]]}},{"type":"Feature","properties":{"value":66.89,"pixel_id":"299:9638"},"geometry":{"type":"Polygon","coordinates":[[[37.19103208557662,-3.2734521677110777],[37.19104828830336,-3.2644096883207663],[37.200045050501956,-3.2644259103921245],[37.20002892825262,-3.2734684348117775],[37.19103208557662,-3.2734521677110777]]]}},{"type":"Feature","properties":{"value":39.21,"pixel_id":"299:9639"},"geometry":{"type":"Polygon","coordinates":[[[37.19104828830336,-3.2644096883207663],[37.19106444596977,-3.255367207220926],[37.20006112791478,-3.2553833842637103],[37.200045050501956,-3.2644259103921245],[37.19104828830336,-3.2644096883207663]]]}},{"type":"Feature","properties":{"value":54.0,"pixel_id":"299:9640"},"geometry":{"type":"Polygon","coordinates":[[[37.19106444596977,-3.255367207220926],[37.19108055857788,-3.2463247244162723],[37.20007716049309,-3.2463408564312517],[37.20006112791478,-3.2553833842637103],[37.19106444596977,-3.255367207220926]]]}},{"type":"Feature","properties":{"value":64.88,"pixel_id":"299:9641"},"geometry":{"type":"Polygon","coordinates":[[[37.19108055857788,-3.2463247244162723],[37.19109662612966,-3.2372822399115244],[37.20009314823885,-3.237298326899465],[37.20007716049309,-3.2463408564312517],[37.19108055857788,-3.2463247244162723]]]}},{"type":"Feature","properties":{"value":59.39,"pixel_id":"299:9642"},"geometry":{"type":"Polygon","coordinates":[[[37.19109662612966,-3.2372822399115244],[37.19111264862709,-3.2282397537113985],[37.200109091154054,-3.228255795673063],[37.20009314823885,-3.237298326899465],[37.19109662612966,-3.2372822399115244]]]}},{"type":"Feature","properties":{"value":83.47,"pixel_id":"299:9643"},"geometry":{"type":"Polygon","coordinates":[[[37.19111264862709,-3.2282397537113985],[37.19112862607217,-3.219197265820614],[37.20012498924066,-3.2192132627567642],[37.200109091154054,-3.228255795673063],[37.19111264862709,-3.2282397537113985]]]}},{"type":"Feature","properties":{"value":72.72,"pixel_id":"299:9644"},"geometry":{"type":"Polygon","coordinates":[[[37.19112862607217,-3.219197265820614],[37.191144558466846,-3.2101547762438885],[37.20014084250064,-3.2101707281552816],[37.20012498924066,-3.2192132627567642],[37.19112862607217,-3.219197265820614]]]}},{"type":"Feature","properties":{"value":91.49,"pixel_id":"299:9645"},"geometry":{"type":"Polygon","coordinates":[[[37.191144558466846,-3.2101547762438885],[37.191160445813104,-3.201112284985939],[37.200156650935945,-3.201128191873334],[37.20014084250064,-3.2101707281552816],[37.191144558466846,-3.2101547762438885]]]}},{"type":"Feature","properties":{"value":89.77,"pixel_id":"299:9646"},"geometry":{"type":"Polygon","coordinates":[[[37.191160445813104,-3.201112284985939],[37.1911762881129,-3.192069792051486],[37.20017241454852,-3.192085653915637],[37.200156650935945,-3.201128191873334],[37.191160445813104,-3.201112284985939]]]}},{"type":"Feature","properties":{"value":84.49,"pixel_id":"299:9647"},"geometry":{"type":"Polygon","coordinates":[[[37.1911762881129,-3.192069792051486],[37.19119208536819,-3.1830272974452463],[37.20018813334032,-3.183043114286906],[37.20017241454852,-3.192085653915637],[37.1911762881129,-3.192069792051486]]]}},{"type":"Feature","properties":{"value":81.79,"pixel_id":"299:9648"},"geometry":{"type":"Polygon","coordinates":[[[37.19119208536819,-3.1830272974452463],[37.19120783758094,-3.173984801171938],[37.20020380731329,-3.174000572991857],[37.20018813334032,-3.183043114286906],[37.19119208536819,-3.1830272974452463]]]}},{"type":"Feature","properties":{"value":92.54,"pixel_id":"299:9649"},"geometry":{"type":"Polygon","coordinates":[[[37.19120783758094,-3.173984801171938],[37.191223544753065,-3.1649423032362822],[37.20021943646936,-3.164958030035209],[37.20020380731329,-3.174000572991857],[37.19120783758094,-3.173984801171938]]]}},{"type":"Feature","properties":{"value":100.0,"pixel_id":"299:9650"},"geometry":{"type":"Polygon","coordinates":[[[37.191223544753065,-3.1649423032362822],[37.19123920688652,-3.155899803642997],[37.20023502081046,-3.155915485421677],[37.20021943646936,-3.164958030035209],[37.191223544753065,-3.1649423032362822]]]}},{"type":"Feature","properties":{"value":100.0,"pixel_id":"299:9651"},"geometry":{"type":"Polygon","coordinates":[[[37.19123920688652,-3.155899803642997],[37.19125482398325,-3.1468573023968],[37.20025056033851,-3.1468729391559775],[37.20023502081046,-3.155915485421677],[37.19123920688652,-3.155899803642997]]]}},{"type":"Feature","properties":{"value":100.0,"pixel_id":"299:9652"},"geometry":{"type":"Polygon","coordinates":[[[37.19125482398325,-3.1468573023968],[37.19127039604516,-3.137814799502411],[37.20026605505544,-3.137830391242829],[37.20025056033851,-3.1468729391559775],[37.19125482398325,-3.1468573023968]]]}},{"type":"Feature","properties":{"value":100.0,"pixel_id":"299:9653"},"geometry":{"type":"Polygon","coordinates":[[[37.19127039604516,-3.137814799502411],[37.19128592307419,-3.128772294964552],[37.20028150496315,-3.1287878416869477],[37.20026605505544,-3.137830391242829],[37.19127039604516,-3.137814799502411]]]}},{"type":"Feature","properties":{"value":96.6,"pixel_id":"299:9654"},"geometry":{"type":"Polygon","coordinates":[[[37.19128592307419,-3.128772294964552],[37.191301405072245,-3.1197297887879385],[37.20029691006355,-3.1197452904930514],[37.20028150496315,-3.1287878416869477],[37.19128592307419,-3.128772294964552]]]}},{"type":"Feature","properties":{"value":100.0,"pixel_id":"299:9655"},"geometry":{"type":"Polygon","coordinates":[[[37.191301405072245,-3.1197297887879385],[37.19131684204125,-3.110687280977293],[37.20031227035855,-3.1107027376658585],[37.20029691006355,-3.1197452904930514],[37.191301405072245,-3.1197297887879385]]]}},{"type":"Feature","properties":{"value":52.6,"pixel_id":"300:9617"},"geometry":{"type":"Polygon","coordinates":[[[37.208557549836385,-3.454345466010563],[37.207011887897266,-3.4551685045916476],[37.20590090006288,-3.4556898067595925],[37.203512931001015,-3.4559542373516345],[37.202731339211645,-3.455971116089563],[37.20228344909243,-3.4557092744548203],[37.20194975281216,-3.455138439144404],[37.20154429461541,-3.4546490716336957],[37.20078382221837,-3.4546581113127193],[37.20016886971084,-3.454431386315311],[37.20011880917635,-3.4543193596344524],[37.20869560861174,-3.4543356394728484],[37.20869551542981,-3.454385330207664],[37.208557549836385,-3.454345466010563]]]}},{"type":"Feature","properties":{"value":31.1,"pixel_id":"300:9618"},"geometry":{"type":"Polygon","coordinates":[[[37.19969883398294,-3.4533795285130786],[37.199714083898115,-3.4452760678505374],[37.20871254305892,-3.4452931053974774],[37.20869560861174,-3.4543356394728484],[37.20011880917635,-3.4543193596344524],[37.19969883398294,-3.4533795285130786]]]}},{"type":"Feature","properties":{"value":12.74,"pixel_id":"300:9619"},"geometry":{"type":"Polygon","coordinates":[[[37.199714083898115,-3.4452760678505374],[37.199731058425684,-3.43623357679303],[37.208729432852735,-3.4362505695198813],[37.20871254305892,-3.4452931053974774],[37.199714083898115,-3.4452760678505374]]]}},{"type":"Feature","properties":{"value":2.1,"pixel_id":"300:9620"},"geometry":{"type":"Polygon","coordinates":[[[37.199731058425684,-3.43623357679303],[37.19974798807797,-3.4271910839372004],[37.20874627799527,-3.4272080318447706],[37.208729432852735,-3.4362505695198813],[37.199731058425684,-3.43623357679303]]]}},{"type":"Feature","properties":{"value":24.31,"pixel_id":"300:9621"},"geometry":{"type":"Polygon","coordinates":[[[37.19974798807797,-3.4271910839372004],[37.19976487285705,-3.4181485892877608],[37.208763078488595,-3.4181654923768554],[37.20874627799527,-3.4272080318447706],[37.19974798807797,-3.4271910839372004]]]}},{"type":"Feature","properties":{"value":30.87,"pixel_id":"300:9622"},"geometry":{"type":"Polygon","coordinates":[[[37.19976487285705,-3.4181485892877608],[37.19978171276503,-3.409106092849426],[37.208779834334806,-3.4091229511208447],[37.208763078488595,-3.4181654923768554],[37.19976487285705,-3.4181485892877608]]]}},{"type":"Feature","properties":{"value":19.16,"pixel_id":"300:9623"},"geometry":{"type":"Polygon","coordinates":[[[37.19978171276503,-3.409106092849426],[37.19979850780397,-3.400063594626906],[37.208796545535954,-3.4000804080814513],[37.208779834334806,-3.4091229511208447],[37.19978171276503,-3.409106092849426]]]}},{"type":"Feature","properties":{"value":14.29,"pixel_id":"300:9624"},"geometry":{"type":"Polygon","coordinates":[[[37.19979850780397,-3.400063594626906],[37.19981525797595,-3.3910210946249157],[37.2088132120941,-3.391037863263384],[37.208796545535954,-3.4000804080814513],[37.19979850780397,-3.400063594626906]]]}},{"type":"Feature","properties":{"value":6.8,"pixel_id":"300:9625"},"geometry":{"type":"Polygon","coordinates":[[[37.19981525797595,-3.3910210946249157],[37.19983196328305,-3.3819785928481667],[37.208829834011325,-3.381995316671356],[37.2088132120941,-3.391037863263384],[37.19981525797595,-3.3910210946249157]]]}},{"type":"Feature","properties":{"value":10.6,"pixel_id":"300:9626"},"geometry":{"type":"Polygon","coordinates":[[[37.19983196328305,-3.3819785928481667],[37.19984862372733,-3.3729360893013722],[37.20884641128967,-3.3729527683100757],[37.208829834011325,-3.381995316671356],[37.19983196328305,-3.3819785928481667]]]}},{"type":"Feature","properties":{"value":23.01,"pixel_id":"300:9627"},"geometry":{"type":"Polygon","coordinates":[[[37.19984862372733,-3.3729360893013722],[37.19986523931083,-3.3638935839892468],[37.20886294393118,-3.3639102181842544],[37.20884641128967,-3.3729527683100757],[37.19984862372733,-3.3729360893013722]]]}},{"type":"Feature","properties":{"value":40.55,"pixel_id":"300:9628"},"geometry":{"type":"Polygon","coordinates":[[[37.19986523931083,-3.3638935839892468],[37.199881810035635,-3.354851076916503],[37.2088794319379,-3.354867666298606],[37.20886294393118,-3.3639102181842544],[37.19986523931083,-3.3638935839892468]]]}},{"type":"Feature","properties":{"value":25.78,"pixel_id":"300:9629"},"geometry":{"type":"Polygon","coordinates":[[[37.199881810035635,-3.354851076916503],[37.19989833590376,-3.345808568087854],[37.208895875311875,-3.3458251126578387],[37.2088794319379,-3.354867666298606],[37.199881810035635,-3.354851076916503]]]}},{"type":"Feature","properties":{"value":4.04,"pixel_id":"300:9630"},"geometry":{"type":"Polygon","coordinates":[[[37.19989833590376,-3.345808568087854],[37.19991481691727,-3.336766057508014],[37.20891227405512,-3.3367825572666674],[37.208895875311875,-3.3458251126578387],[37.19989833590376,-3.345808568087854]]]}},{"type":"Feature","properties":{"value":5.82,"pixel_id":"300:9631"},"geometry":{"type":"Polygon","coordinates":[[[37.19991481691727,-3.336766057508014],[37.19993125307819,-3.3277235451816978],[37.20892862816967,-3.3277400001298014],[37.20891227405512,-3.3367825572666674],[37.19991481691727,-3.336766057508014]]]}},{"type":"Feature","properties":{"value":7.71,"pixel_id":"300:9632"},"geometry":{"type":"Polygon","coordinates":[[[37.19993125307819,-3.3277235451816978],[37.19994764438855,-3.3186810311136172],[37.208944937657556,-3.3186974412519534],[37.20892862816967,-3.3277400001298014],[37.19993125307819,-3.3277235451816978]]]}},{"type":"Feature","properties":{"value":0.71,"pixel_id":"300:9633"},"geometry":{"type":"Polygon","coordinates":[[[37.19994764438855,-3.3186810311136172],[37.19996399085037,-3.309638515308489],[37.20896120252077,-3.3096548806378356],[37.208944937657556,-3.3186974412519534],[37.19994764438855,-3.3186810311136172]]]}},{"type":"Feature","properties":{"value":13.23,"pixel_id":"300:9634"},"geometry":{"type":"Polygon","coordinates":[[[37.19996399085037,-3.309638515308489],[37.199980292465675,-3.3005959977710257],[37.208977422761336,-3.3006123182921603],[37.20896120252077,-3.3096548806378356],[37.19996399085037,-3.309638515308489]]]}},{"type":"Feature","properties":{"value":5.12,"pixel_id":"300:9635"},"geometry":{"type":"Polygon","coordinates":[[[37.199980292465675,-3.3005959977710257],[37.19999654923649,-3.291553478505943],[37.20899359838125,-3.29156975421964],[37.208977422761336,-3.3006123182921603],[37.199980292465675,-3.3005959977710257]]]}},{"type":"Feature","properties":{"value":41.38,"pixel_id":"300:9636"},"geometry":{"type":"Polygon","coordinates":[[[37.19999654923649,-3.291553478505943],[37.20001276116481,-3.282510957517956],[37.209009729382515,-3.2825271884249863],[37.20899359838125,-3.29156975421964],[37.19999654923649,-3.291553478505943]]]}},{"type":"Feature","properties":{"value":60.13,"pixel_id":"300:9637"},"geometry":{"type":"Polygon","coordinates":[[[37.20001276116481,-3.282510957517956],[37.20002892825262,-3.2734684348117775],[37.20902581576712,-3.2734846209129134],[37.209009729382515,-3.2825271884249863],[37.20001276116481,-3.282510957517956]]]}},{"type":"Feature","properties":{"value":72.9,"pixel_id":"300:9638"},"geometry":{"type":"Polygon","coordinates":[[[37.20002892825262,-3.2734684348117775],[37.200045050501956,-3.2644259103921245],[37.20904185753706,-3.2644420516881327],[37.20902581576712,-3.2734846209129134],[37.20002892825262,-3.2734684348117775]]]}},{"type":"Feature","properties":{"value":81.0,"pixel_id":"300:9639"},"geometry":{"type":"Polygon","coordinates":[[[37.200045050501956,-3.2644259103921245],[37.20006112791478,-3.2553833842637103],[37.209057854694294,-3.2553994807553583],[37.20904185753706,-3.2644420516881327],[37.200045050501956,-3.2644259103921245]]]}},{"type":"Feature","properties":{"value":58.69,"pixel_id":"300:9640"},"geometry":{"type":"Polygon","coordinates":[[[37.20006112791478,-3.2553833842637103],[37.20007716049309,-3.2463408564312517],[37.20907380724083,-3.2463569081193024],[37.209057854694294,-3.2553994807553583],[37.20006112791478,-3.2553833842637103]]]}},{"type":"Feature","properties":{"value":73.45,"pixel_id":"300:9641"},"geometry":{"type":"Polygon","coordinates":[[[37.20007716049309,-3.2463408564312517],[37.20009314823885,-3.237298326899465],[37.20908971517861,-3.23731433378468],[37.20907380724083,-3.2463569081193024],[37.20007716049309,-3.2463408564312517]]]}},{"type":"Feature","properties":{"value":61.58,"pixel_id":"300:9642"},"geometry":{"type":"Polygon","coordinates":[[[37.20009314823885,-3.237298326899465],[37.200109091154054,-3.228255795673063],[37.209105578509615,-3.228271757756203],[37.20908971517861,-3.23731433378468],[37.20009314823885,-3.237298326899465]]]}},{"type":"Feature","properties":{"value":71.08,"pixel_id":"300:9643"},"geometry":{"type":"Polygon","coordinates":[[[37.200109091154054,-3.228255795673063],[37.20012498924066,-3.2192132627567642],[37.20912139723579,-3.219229180038585],[37.209105578509615,-3.228271757756203],[37.200109091154054,-3.228255795673063]]]}},{"type":"Feature","properties":{"value":79.74,"pixel_id":"300:9644"},"geometry":{"type":"Polygon","coordinates":[[[37.20012498924066,-3.2192132627567642],[37.20014084250064,-3.2101707281552816],[37.2091371713591,-3.21018660063654],[37.20912139723579,-3.219229180038585],[37.20012498924066,-3.2192132627567642]]]}},{"type":"Feature","properties":{"value":68.46,"pixel_id":"300:9645"},"geometry":{"type":"Polygon","coordinates":[[[37.20014084250064,-3.2101707281552816],[37.200156650935945,-3.201128191873334],[37.2091529008815,-3.2011440195547824],[37.2091371713591,-3.21018660063654],[37.20014084250064,-3.2101707281552816]]]}},{"type":"Feature","properties":{"value":84.41,"pixel_id":"300:9646"},"geometry":{"type":"Polygon","coordinates":[[[37.200156650935945,-3.201128191873334],[37.20017241454852,-3.192085653915637],[37.20916858580491,-3.192101436798026],[37.2091529008815,-3.2011440195547824],[37.200156650935945,-3.201128191873334]]]}},{"type":"Feature","properties":{"value":76.46,"pixel_id":"300:9647"},"geometry":{"type":"Polygon","coordinates":[[[37.20017241454852,-3.192085653915637],[37.20018813334032,-3.183043114286906],[37.209184226131285,-3.1830588523709853],[37.20916858580491,-3.192101436798026],[37.20017241454852,-3.192085653915637]]]}},{"type":"Feature","properties":{"value":86.91,"pixel_id":"300:9648"},"geometry":{"type":"Polygon","coordinates":[[[37.20018813334032,-3.183043114286906],[37.20020380731329,-3.174000572991857],[37.20919982186255,-3.1740162662783735],[37.209184226131285,-3.1830588523709853],[37.20018813334032,-3.183043114286906]]]}},{"type":"Feature","properties":{"value":94.19,"pixel_id":"300:9649"},"geometry":{"type":"Polygon","coordinates":[[[37.20020380731329,-3.174000572991857],[37.20021943646936,-3.164958030035209],[37.209215373000625,-3.164973678524906],[37.20919982186255,-3.1740162662783735],[37.20020380731329,-3.174000572991857]]]}},{"type":"Feature","properties":{"value":100.0,"pixel_id":"300:9650"},"geometry":{"type":"Polygon","coordinates":[[[37.20021943646936,-3.164958030035209],[37.20023502081046,-3.155915485421677],[37.20923087954744,-3.155931089115298],[37.209215373000625,-3.164973678524906],[37.20021943646936,-3.164958030035209]]]}},{"type":"Feature","properties":{"value":100.0,"pixel_id":"300:9651"},"geometry":{"type":"Polygon","coordinates":[[[37.20023502081046,-3.155915485421677],[37.20025056033851,-3.1468729391559775],[37.20924634150491,-3.1468884980542633],[37.20923087954744,-3.155931089115298],[37.20023502081046,-3.155915485421677]]]}},{"type":"Feature","properties":{"value":100.0,"pixel_id":"300:9652"},"geometry":{"type":"Polygon","coordinates":[[[37.20025056033851,-3.1468729391559775],[37.20026605505544,-3.137830391242829],[37.20926175887492,-3.137845905346517],[37.20924634150491,-3.1468884980542633],[37.20025056033851,-3.1468729391559775]]]}},{"type":"Feature","properties":{"value":100.0,"pixel_id":"300:9653"},"geometry":{"type":"Polygon","coordinates":[[[37.20026605505544,-3.137830391242829],[37.20028150496315,-3.1287878416869477],[37.20927713165941,-3.128803310996774],[37.20926175887492,-3.137845905346517],[37.20026605505544,-3.137830391242829]]]}},{"type":"Feature","properties":{"value":100.0,"pixel_id":"300:9654"},"geometry":{"type":"Polygon","coordinates":[[[37.20028150496315,-3.1287878416869477],[37.20029691006355,-3.1197452904930514],[37.209292459860265,-3.1197607150097504],[37.20927713165941,-3.128803310996774],[37.20028150496315,-3.1287878416869477]]]}},{"type":"Feature","properties":{"value":98.59,"pixel_id":"300:9655"},"geometry":{"type":"Polygon","coordinates":[[[37.20029691006355,-3.1197452904930514],[37.20031227035855,-3.1107027376658585],[37.209307743479364,-3.1107181173901615],[37.209292459860265,-3.1197607150097504],[37.20029691006355,-3.1197452904930514]]]}},{"type":"Feature","properties":{"value":100.0,"pixel_id":"300:9659"},"geometry":{"type":"Polygon","coordinates":[[[37.20426852374941,-3.082667235310143],[37.20573902724194,-3.07775006332047],[37.20669804973618,-3.074543206059133],[37.20936843217596,-3.0745477106804584],[37.209353326865035,-3.0835903147831543],[37.203959855443884,-3.0835811829684787],[37.20426852374941,-3.082667235310143]]]}},{"type":"Feature","properties":{"value":67.64,"pixel_id":"301:9616"},"geometry":{"type":"MultiPolygon","coordinates":[[[[37.21642784185583,-3.468068523365991],[37.21620724346981,-3.46756143466305],[37.21593168076485,-3.465851999597708],[37.21598966252484,-3.465555259888476],[37.21619677809676,-3.465073402827445],[37.21647555048225,-3.4646245651801575],[37.21739597779709,-3.4639880813960535],[37.217676631128434,-3.4637545952789166],[37.217668214022325,-3.468250581656199],[37.2174670956215,-3.468301384256944],[37.216797373729406,-3.4682128555472937],[37.21642784185583,-3.468068523365991]]],[[[37.21767684663297,-3.463639406720349],[37.21760746316441,-3.4633950812881538],[37.217677303467035,-3.463395213219729],[37.21767684663297,-3.463639406720349]]]]}},{"type":"Feature","properties":{"value":18.3,"pixel_id":"301:9617"},"geometry":{"type":"Polygon","coordinates":[[[37.21754373000009,-3.4631706527059833],[37.216867606713286,-3.4627217464421927],[37.2166220261792,-3.4625586941951894],[37.21651325726632,-3.4624906985797703],[37.216404482963476,-3.462422793229053],[37.2161843669728,-3.462285382934208],[37.21610561975667,-3.461809631835871],[37.21656838058708,-3.461015020542689],[37.21652702843962,-3.4601886570479303],[37.2165680158711,-3.458721483326931],[37.2158730279633,-3.457851546233389],[37.21550931986771,-3.457396275176074],[37.21550892101574,-3.457395775982197],[37.215139192411094,-3.456932969850283],[37.21460760895182,-3.456237268958713],[37.21408197952625,-3.4555359229466536],[37.21242925637157,-3.4547954035709263],[37.21020912584243,-3.4548226760631464],[37.20869551542981,-3.454385330207664],[37.20869560861174,-3.4543356394728484],[37.21769419738578,-3.4543526363538883],[37.217677303467035,-3.463395213219729],[37.21760746316441,-3.4633950812881538],[37.21754373000009,-3.4631706527059833]]]}},{"type":"Feature","properties":{"value":3.83,"pixel_id":"301:9618"},"geometry":{"type":"Polygon","coordinates":[[[37.20869560861174,-3.4543356394728484],[37.20871254305892,-3.4452931053974774],[37.2177110468731,-3.4453100576819202],[37.21769419738578,-3.4543526363538883],[37.20869560861174,-3.4543356394728484]]]}},{"type":"Feature","properties":{"value":14.28,"pixel_id":"301:9619"},"geometry":{"type":"Polygon","coordinates":[[[37.20871254305892,-3.4452931053974774],[37.208729432852735,-3.4362505695198813],[37.217727851931066,-3.436267477208532],[37.2177110468731,-3.4453100576819202],[37.20871254305892,-3.4452931053974774]]]}},{"type":"Feature","properties":{"value":7.99,"pixel_id":"301:9620"},"geometry":{"type":"Polygon","coordinates":[[[37.208729432852735,-3.4362505695198813],[37.20874627799527,-3.4272080318447706],[37.21774461256177,-3.4272248949384307],[37.217727851931066,-3.436267477208532],[37.208729432852735,-3.4362505695198813]]]}},{"type":"Feature","properties":{"value":13.81,"pixel_id":"301:9621"},"geometry":{"type":"Polygon","coordinates":[[[37.20874627799527,-3.4272080318447706],[37.208763078488595,-3.4181654923768554],[37.217761328767274,-3.4181823108763263],[37.21774461256177,-3.4272248949384307],[37.20874627799527,-3.4272080318447706]]]}},{"type":"Feature","properties":{"value":38.12,"pixel_id":"301:9622"},"geometry":{"type":"Polygon","coordinates":[[[37.208763078488595,-3.4181654923768554],[37.208779834334806,-3.4091229511208447],[37.21777800054963,-3.4091397250269244],[37.217761328767274,-3.4181823108763263],[37.208763078488595,-3.4181654923768554]]]}},{"type":"Feature","properties":{"value":52.27,"pixel_id":"301:9623"},"geometry":{"type":"Polygon","coordinates":[[[37.208779834334806,-3.4091229511208447],[37.208796545535954,-3.4000804080814513],[37.21779462791092,-3.4000971373949365],[37.21777800054963,-3.4091397250269244],[37.208779834334806,-3.4091229511208447]]]}},{"type":"Feature","properties":{"value":8.82,"pixel_id":"301:9624"},"geometry":{"type":"Polygon","coordinates":[[[37.208796545535954,-3.4000804080814513],[37.2088132120941,-3.391037863263384],[37.21781121085319,-3.3910545479850693],[37.21779462791092,-3.4000971373949365],[37.208796545535954,-3.4000804080814513]]]}},{"type":"Feature","properties":{"value":13.78,"pixel_id":"301:9625"},"geometry":{"type":"Polygon","coordinates":[[[37.2088132120941,-3.391037863263384],[37.208829834011325,-3.381995316671356],[37.21782774937848,-3.382011956802032],[37.21781121085319,-3.3910545479850693],[37.2088132120941,-3.391037863263384]]]}},{"type":"Feature","properties":{"value":39.82,"pixel_id":"301:9626"},"geometry":{"type":"Polygon","coordinates":[[[37.208829834011325,-3.381995316671356],[37.20884641128967,-3.3729527683100757],[37.21784424348885,-3.372969363850533],[37.21782774937848,-3.382011956802032],[37.208829834011325,-3.381995316671356]]]}},{"type":"Feature","properties":{"value":25.72,"pixel_id":"301:9627"},"geometry":{"type":"Polygon","coordinates":[[[37.20884641128967,-3.3729527683100757],[37.20886294393118,-3.3639102181842544],[37.21786069318632,-3.3639267691352814],[37.21784424348885,-3.372969363850533],[37.20884641128967,-3.3729527683100757]]]}},{"type":"Feature","properties":{"value":14.83,"pixel_id":"301:9628"},"geometry":{"type":"Polygon","coordinates":[[[37.20886294393118,-3.3639102181842544],[37.2088794319379,-3.354867666298606],[37.217877098472925,-3.3548841726609875],[37.21786069318632,-3.3639267691352814],[37.20886294393118,-3.3639102181842544]]]}},{"type":"Feature","properties":{"value":9.8,"pixel_id":"301:9629"},"geometry":{"type":"Polygon","coordinates":[[[37.2088794319379,-3.354867666298606],[37.208895875311875,-3.3458251126578387],[37.21789345935071,-3.3458415744323586],[37.217877098472925,-3.3548841726609875],[37.2088794319379,-3.354867666298606]]]}},{"type":"Feature","properties":{"value":0.0,"pixel_id":"301:9630"},"geometry":{"type":"Polygon","coordinates":[[[37.208895875311875,-3.3458251126578387],[37.20891227405512,-3.3367825572666674],[37.217909775821674,-3.3367989744541067],[37.21789345935071,-3.3458415744323586],[37.208895875311875,-3.3458251126578387]]]}},{"type":"Feature","properties":{"value":5.51,"pixel_id":"301:9631"},"geometry":{"type":"Polygon","coordinates":[[[37.20891227405512,-3.3367825572666674],[37.20892862816967,-3.3277400001298014],[37.21792604788784,-3.3277563727309394],[37.217909775821674,-3.3367989744541067],[37.20891227405512,-3.3367825572666674]]]}},{"type":"Feature","properties":{"value":17.38,"pixel_id":"301:9632"},"geometry":{"type":"Polygon","coordinates":[[[37.20892862816967,-3.3277400001298014],[37.208944937657556,-3.3186974412519534],[37.21794227555122,-3.3187137692675677],[37.21792604788784,-3.3277563727309394],[37.20892862816967,-3.3277400001298014]]]}},{"type":"Feature","properties":{"value":1.25,"pixel_id":"301:9633"},"geometry":{"type":"Polygon","coordinates":[[[37.208944937657556,-3.3186974412519534],[37.20896120252077,-3.3096548806378356],[37.21795845881382,-3.3096711640687015],[37.21794227555122,-3.3187137692675677],[37.208944937657556,-3.3186974412519534]]]}},{"type":"Feature","properties":{"value":34.77,"pixel_id":"301:9634"},"geometry":{"type":"Polygon","coordinates":[[[37.20896120252077,-3.3096548806378356],[37.208977422761336,-3.3006123182921603],[37.21797459767764,-3.3006285571390497],[37.21795845881382,-3.3096711640687015],[37.20896120252077,-3.3096548806378356]]]}},{"type":"Feature","properties":{"value":72.78,"pixel_id":"301:9635"},"geometry":{"type":"Polygon","coordinates":[[[37.208977422761336,-3.3006123182921603],[37.20899359838125,-3.29156975421964],[37.21799069214466,-3.2915859484833234],[37.21797459767764,-3.3006285571390497],[37.208977422761336,-3.3006123182921603]]]}},{"type":"Feature","properties":{"value":96.38,"pixel_id":"301:9636"},"geometry":{"type":"Polygon","coordinates":[[[37.20899359838125,-3.29156975421964],[37.209009729382515,-3.2825271884249863],[37.218006742216886,-3.282543338106233],[37.21799069214466,-3.2915859484833234],[37.20899359838125,-3.29156975421964]]]}},{"type":"Feature","properties":{"value":70.73,"pixel_id":"301:9637"},"geometry":{"type":"Polygon","coordinates":[[[37.209009729382515,-3.2825271884249863],[37.20902581576712,-3.2734846209129134],[37.218022747896285,-3.27350072601249],[37.218006742216886,-3.282543338106233],[37.209009729382515,-3.2825271884249863]]]}},{"type":"Feature","properties":{"value":65.74,"pixel_id":"301:9638"},"geometry":{"type":"Polygon","coordinates":[[[37.20902581576712,-3.2734846209129134],[37.20904185753706,-3.2644420516881327],[37.218038709184846,-3.2644581122068037],[37.218022747896285,-3.27350072601249],[37.20902581576712,-3.2734846209129134]]]}},{"type":"Feature","properties":{"value":56.87,"pixel_id":"301:9639"},"geometry":{"type":"Polygon","coordinates":[[[37.20904185753706,-3.2644420516881327],[37.209057854694294,-3.2553994807553583],[37.21805462608453,-3.2554154966938853],[37.218038709184846,-3.2644581122068037],[37.20904185753706,-3.2644420516881327]]]}},{"type":"Feature","properties":{"value":56.28,"pixel_id":"301:9640"},"geometry":{"type":"Polygon","coordinates":[[[37.209057854694294,-3.2553994807553583],[37.20907380724083,-3.2463569081193024],[37.21807049859731,-3.2463728794784457],[37.21805462608453,-3.2554154966938853],[37.209057854694294,-3.2553994807553583]]]}},{"type":"Feature","properties":{"value":62.4,"pixel_id":"301:9641"},"geometry":{"type":"Polygon","coordinates":[[[37.20907380724083,-3.2463569081193024],[37.20908971517861,-3.23731433378468],[37.21808632672515,-3.237330260565197],[37.21807049859731,-3.2463728794784457],[37.20907380724083,-3.2463569081193024]]]}},{"type":"Feature","properties":{"value":76.48,"pixel_id":"301:9642"},"geometry":{"type":"Polygon","coordinates":[[[37.20908971517861,-3.23731433378468],[37.209105578509615,-3.228271757756203],[37.21810211046999,-3.2282876399588503],[37.21808632672515,-3.237330260565197],[37.20908971517861,-3.23731433378468]]]}},{"type":"Feature","properties":{"value":68.31,"pixel_id":"301:9643"},"geometry":{"type":"Polygon","coordinates":[[[37.209105578509615,-3.228271757756203],[37.20912139723579,-3.219229180038585],[37.21811784983379,-3.219245017664116],[37.21810211046999,-3.2282876399588503],[37.209105578509615,-3.228271757756203]]]}},{"type":"Feature","properties":{"value":87.27,"pixel_id":"301:9644"},"geometry":{"type":"Polygon","coordinates":[[[37.20912139723579,-3.219229180038585],[37.2091371713591,-3.21018660063654],[37.218133544818485,-3.2102023936857056],[37.21811784983379,-3.219245017664116],[37.20912139723579,-3.219229180038585]]]}},{"type":"Feature","properties":{"value":65.37,"pixel_id":"301:9645"},"geometry":{"type":"Polygon","coordinates":[[[37.2091371713591,-3.21018660063654],[37.2091529008815,-3.2011440195547824],[37.21814919542603,-3.2011597680283326],[37.218133544818485,-3.2102023936857056],[37.2091371713591,-3.21018660063654]]]}},{"type":"Feature","properties":{"value":57.1,"pixel_id":"301:9646"},"geometry":{"type":"Polygon","coordinates":[[[37.2091529008815,-3.2011440195547824],[37.20916858580491,-3.192101436798026],[37.21816480165834,-3.1921171406967077],[37.21814919542603,-3.2011597680283326],[37.2091529008815,-3.2011440195547824]]]}},{"type":"Feature","properties":{"value":76.23,"pixel_id":"301:9647"},"geometry":{"type":"Polygon","coordinates":[[[37.20916858580491,-3.192101436798026],[37.209184226131285,-3.1830588523709853],[37.218180363517355,-3.183074511695544],[37.21816480165834,-3.1921171406967077],[37.20916858580491,-3.192101436798026]]]}},{"type":"Feature","properties":{"value":78.99,"pixel_id":"301:9648"},"geometry":{"type":"Polygon","coordinates":[[[37.209184226131285,-3.1830588523709853],[37.20919982186255,-3.1740162662783735],[37.21819588100498,-3.1740318810295527],[37.218180363517355,-3.183074511695544],[37.209184226131285,-3.1830588523709853]]]}},{"type":"Feature","properties":{"value":99.81,"pixel_id":"301:9649"},"geometry":{"type":"Polygon","coordinates":[[[37.20919982186255,-3.1740162662783735],[37.209215373000625,-3.164973678524906],[37.21821135412315,-3.164989248703446],[37.21819588100498,-3.1740318810295527],[37.20919982186255,-3.1740162662783735]]]}},{"type":"Feature","properties":{"value":100.0,"pixel_id":"301:9650"},"geometry":{"type":"Polygon","coordinates":[[[37.209215373000625,-3.164973678524906],[37.20923087954744,-3.155931089115298],[37.218226782873764,-3.1559466147219375],[37.21821135412315,-3.164989248703446],[37.209215373000625,-3.164973678524906]]]}},{"type":"Feature","properties":{"value":100.0,"pixel_id":"301:9651"},"geometry":{"type":"Polygon","coordinates":[[[37.20923087954744,-3.155931089115298],[37.20924634150491,-3.1468884980542633],[37.21824216725874,-3.146903979089739],[37.218226782873764,-3.1559466147219375],[37.20923087954744,-3.155931089115298]]]}},{"type":"Feature","properties":{"value":100.0,"pixel_id":"301:9652"},"geometry":{"type":"Polygon","coordinates":[[[37.20924634150491,-3.1468884980542633],[37.20926175887492,-3.137845905346517],[37.21825750727995,-3.1378613418115635],[37.21824216725874,-3.146903979089739],[37.20924634150491,-3.1468884980542633]]]}},{"type":"Feature","properties":{"value":100.0,"pixel_id":"301:9653"},"geometry":{"type":"Polygon","coordinates":[[[37.20926175887492,-3.137845905346517],[37.20927713165941,-3.128803310996774],[37.21827280293932,-3.1288187028921244],[37.21825750727995,-3.1378613418115635],[37.20926175887492,-3.137845905346517]]]}},{"type":"Feature","properties":{"value":100.0,"pixel_id":"301:9654"},"geometry":{"type":"Polygon","coordinates":[[[37.20927713165941,-3.128803310996774],[37.209292459860265,-3.1197607150097504],[37.21828805423872,-3.1197760623361335],[37.21827280293932,-3.1288187028921244],[37.20927713165941,-3.128803310996774]]]}},{"type":"Feature","properties":{"value":97.95,"pixel_id":"301:9655"},"geometry":{"type":"Polygon","coordinates":[[[37.209292459860265,-3.1197607150097504],[37.209307743479364,-3.1107181173901615],[37.21830326118003,-3.110733420148306],[37.21828805423872,-3.1197760623361335],[37.209292459860265,-3.1197607150097504]]]}},{"type":"Feature","properties":{"value":100.0,"pixel_id":"301:9659"},"geometry":{"type":"Polygon","coordinates":[[[37.209353326865035,-3.0835903147831543],[37.20936843217596,-3.0745477106804584],[37.21836364540193,-3.074562835172888],[37.218348615874234,-3.0836054838409317],[37.209353326865035,-3.0835903147831543]]]}},{"type":"Feature","properties":{"value":100.0,"pixel_id":"301:9661"},"geometry":{"type":"Polygon","coordinates":[[[37.21028707535457,-3.065225377176488],[37.21118254836914,-3.064250956935371],[37.21332403319179,-3.060175871181644],[37.21426656714746,-3.0583822969670122],[37.21527026943452,-3.056472320955428],[37.21839357141293,-3.0564775330167087],[37.21837863058089,-3.0655201848965765],[37.210029013063846,-3.0655061896817974],[37.21028707535457,-3.065225377176488]]]}},{"type":"Feature","properties":{"value":100.0,"pixel_id":"301:9662"},"geometry":{"type":"Polygon","coordinates":[[[37.21552330933164,-3.055990801554098],[37.21734279034575,-3.053393254864659],[37.21840143212133,-3.0517091815785173],[37.21839357141293,-3.0564775330167087],[37.21527026943452,-3.056472320955428],[37.21552330933164,-3.055990801554098]]]}},{"type":"Feature","properties":{"value":50.63,"pixel_id":"302:9614"},"geometry":{"type":"Polygon","coordinates":[[[37.22618231874267,-3.4818155598078953],[37.2258394237139,-3.481962594280622],[37.22560605847106,-3.482240862690832],[37.22540088236187,-3.482925604644349],[37.22547606146969,-3.4835399860999354],[37.2251262009042,-3.483743333741272],[37.22410946161448,-3.483397840771692],[37.22348634611596,-3.4829495562690456],[37.22332373398155,-3.4826096731422056],[37.22349672704739,-3.4821814276994933],[37.22365968772811,-3.481707118405303],[37.22371268430547,-3.4814918666569445],[37.22664227176248,-3.4814974060280472],[37.22664169411076,-3.4818061222481966],[37.22618231874267,-3.4818155598078953]]]}},{"type":"Feature","properties":{"value":88.52,"pixel_id":"302:9615"},"geometry":{"type":"Polygon","coordinates":[[[37.22393366221167,-3.48059433699596],[37.22384266107678,-3.4800907340396012],[37.223888637751315,-3.4795319093599284],[37.223792858477424,-3.4792037471906996],[37.223287593859354,-3.478785823236355],[37.223125057183424,-3.4783502327206244],[37.22302258725728,-3.477422693024876],[37.22328022767402,-3.4764098271928696],[37.22376076706222,-3.476062423225546],[37.224046971210065,-3.4751066452837556],[37.22402316316008,-3.4745220992153287],[37.22401632159086,-3.4743767904031015],[37.22400873531831,-3.474231814659018],[37.2239935726546,-3.4739421673081683],[37.22380629457911,-3.4730440237150706],[37.223759786101915,-3.4728209744062593],[37.2237522618131,-3.4727851576082567],[37.22374809542682,-3.4727664286666045],[37.223735935831115,-3.4727121257464657],[37.223711692996545,-3.472603795216135],[37.22367708054953,-3.472449164315392],[37.226659168916264,-3.4724547884138777],[37.22664227176248,-3.4814974060280472],[37.22371268430547,-3.4814918666569445],[37.22393366221167,-3.48059433699596]]]}},{"type":"Feature","properties":{"value":89.03,"pixel_id":"302:9616"},"geometry":{"type":"Polygon","coordinates":[[[37.22361388442841,-3.472166836042231],[37.22365644301333,-3.471730822680074],[37.22335300828003,-3.4713543233343636],[37.22273890468042,-3.4710725194499448],[37.22226266822246,-3.4707059792018278],[37.22176831723676,-3.4700408455011735],[37.22165291606209,-3.469659691205282],[37.22178860928072,-3.4693003150520654],[37.22190481265092,-3.468954733673696],[37.22173933668739,-3.4686462419195028],[37.221344899022526,-3.4683814836310116],[37.221062547748964,-3.4682545057100933],[37.22009104851528,-3.4680659335450605],[37.21954067948678,-3.4677530101845644],[37.21913962572985,-3.46762816704371],[37.21875974975577,-3.4677652542915216],[37.21814084196606,-3.468131195405826],[37.217668214022325,-3.468250581656199],[37.217676631128434,-3.4637545952789166],[37.217703265404644,-3.4637324372040985],[37.21767684663297,-3.463639406720349],[37.217677303467035,-3.463395213219729],[37.226676021858495,-3.4634121689849726],[37.226659168916264,-3.4724547884138777],[37.22367708054953,-3.472449164315392],[37.22361388442841,-3.472166836042231]]]}},{"type":"Feature","properties":{"value":14.46,"pixel_id":"302:9617"},"geometry":{"type":"Polygon","coordinates":[[[37.217677303467035,-3.463395213219729],[37.21769419738578,-3.4543526363538883],[37.226692830591254,-3.4543695477460363],[37.226676021858495,-3.4634121689849726],[37.217677303467035,-3.463395213219729]]]}},{"type":"Feature","properties":{"value":0.32,"pixel_id":"302:9618"},"geometry":{"type":"Polygon","coordinates":[[[37.21769419738578,-3.4543526363538883],[37.2177110468731,-3.4453100576819202],[37.226709595116624,-3.445326924701775],[37.226692830591254,-3.4543695477460363],[37.21769419738578,-3.4543526363538883]]]}},{"type":"Feature","properties":{"value":4.97,"pixel_id":"302:9619"},"geometry":{"type":"Polygon","coordinates":[[[37.2177110468731,-3.4453100576819202],[37.217727851931066,-3.436267477208532],[37.22672631543667,-3.436284299856896],[37.226709595116624,-3.445326924701775],[37.2177110468731,-3.4453100576819202]]]}},{"type":"Feature","properties":{"value":21.24,"pixel_id":"302:9620"},"geometry":{"type":"Polygon","coordinates":[[[37.217727851931066,-3.436267477208532],[37.21774461256177,-3.4272248949384307],[37.22674299155347,-3.4272416732161024],[37.22672631543667,-3.436284299856896],[37.217727851931066,-3.436267477208532]]]}},{"type":"Feature","properties":{"value":23.82,"pixel_id":"302:9621"},"geometry":{"type":"Polygon","coordinates":[[[37.21774461256177,-3.4272248949384307],[37.217761328767274,-3.4181823108763263],[37.22675962346907,-3.4181990447841004],[37.22674299155347,-3.4272416732161024],[37.21774461256177,-3.4272248949384307]]]}},{"type":"Feature","properties":{"value":32.18,"pixel_id":"302:9622"},"geometry":{"type":"Polygon","coordinates":[[[37.217761328767274,-3.4181823108763263],[37.21777800054963,-3.4091397250269244],[37.226776211185545,-3.4091564145655973],[37.22675962346907,-3.4181990447841004],[37.217761328767274,-3.4181823108763263]]]}},{"type":"Feature","properties":{"value":16.44,"pixel_id":"302:9623"},"geometry":{"type":"Polygon","coordinates":[[[37.21777800054963,-3.4091397250269244],[37.21779462791092,-3.4000971373949365],[37.22679275470492,-3.4001137825653],[37.226776211185545,-3.4091564145655973],[37.21777800054963,-3.4091397250269244]]]}},{"type":"Feature","properties":{"value":12.75,"pixel_id":"302:9624"},"geometry":{"type":"Polygon","coordinates":[[[37.21779462791092,-3.4000971373949365],[37.21781121085319,-3.3910545479850693],[37.22680925402925,-3.3910711487879133],[37.22679275470492,-3.4001137825653],[37.21779462791092,-3.4000971373949365]]]}},{"type":"Feature","properties":{"value":44.4,"pixel_id":"302:9625"},"geometry":{"type":"Polygon","coordinates":[[[37.21781121085319,-3.3910545479850693],[37.21782774937848,-3.382011956802032],[37.226825709160565,-3.3820285132381445],[37.22680925402925,-3.3910711487879133],[37.21781121085319,-3.3910545479850693]]]}},{"type":"Feature","properties":{"value":17.33,"pixel_id":"302:9626"},"geometry":{"type":"Polygon","coordinates":[[[37.21782774937848,-3.382011956802032],[37.21784424348885,-3.372969363850533],[37.22684212010091,-3.3729858759207],[37.226825709160565,-3.3820285132381445],[37.21782774937848,-3.382011956802032]]]}},{"type":"Feature","properties":{"value":25.95,"pixel_id":"302:9627"},"geometry":{"type":"Polygon","coordinates":[[[37.21784424348885,-3.372969363850533],[37.21786069318632,-3.3639267691352814],[37.22685848685231,-3.3639432368402873],[37.22684212010091,-3.3729858759207],[37.21784424348885,-3.372969363850533]]]}},{"type":"Feature","properties":{"value":17.47,"pixel_id":"302:9628"},"geometry":{"type":"Polygon","coordinates":[[[37.21786069318632,-3.3639267691352814],[37.217877098472925,-3.3548841726609875],[37.226874809416785,-3.354900596001613],[37.22685848685231,-3.3639432368402873],[37.21786069318632,-3.3639267691352814]]]}},{"type":"Feature","properties":{"value":12.92,"pixel_id":"302:9629"},"geometry":{"type":"Polygon","coordinates":[[[37.217877098472925,-3.3548841726609875],[37.21789345935071,-3.3458415744323586],[37.22689108779635,-3.3458579534093844],[37.226874809416785,-3.354900596001613],[37.217877098472925,-3.3548841726609875]]]}},{"type":"Feature","properties":{"value":20.51,"pixel_id":"302:9630"},"geometry":{"type":"Polygon","coordinates":[[[37.21789345935071,-3.3458415744323586],[37.217909775821674,-3.3367989744541067],[37.22690732199302,-3.336815309068309],[37.22689108779635,-3.3458579534093844],[37.21789345935071,-3.3458415744323586]]]}},{"type":"Feature","properties":{"value":53.56,"pixel_id":"302:9631"},"geometry":{"type":"Polygon","coordinates":[[[37.217909775821674,-3.3367989744541067],[37.21792604788784,-3.3277563727309394],[37.226923512008796,-3.327772662983094],[37.22690732199302,-3.336815309068309],[37.217909775821674,-3.3367989744541067]]]}},{"type":"Feature","properties":{"value":5.82,"pixel_id":"302:9632"},"geometry":{"type":"Polygon","coordinates":[[[37.21792604788784,-3.3277563727309394],[37.21794227555122,-3.3187137692675677],[37.22693965784567,-3.3187300151584482],[37.226923512008796,-3.327772662983094],[37.21792604788784,-3.3277563727309394]]]}},{"type":"Feature","properties":{"value":10.05,"pixel_id":"302:9633"},"geometry":{"type":"Polygon","coordinates":[[[37.21794227555122,-3.3187137692675677],[37.21795845881382,-3.3096711640687015],[37.22695575950566,-3.309687365599079],[37.22693965784567,-3.3187300151584482],[37.21794227555122,-3.3187137692675677]]]}},{"type":"Feature","properties":{"value":78.13,"pixel_id":"302:9634"},"geometry":{"type":"Polygon","coordinates":[[[37.21795845881382,-3.3096711640687015],[37.21797459767764,-3.3006285571390497],[37.226971816990726,-3.300644714309693],[37.22695575950566,-3.309687365599079],[37.21795845881382,-3.3096711640687015]]]}},{"type":"Feature","properties":{"value":74.32,"pixel_id":"302:9635"},"geometry":{"type":"Polygon","coordinates":[[[37.21797459767764,-3.3006285571390497],[37.21799069214466,-3.2915859484833234],[37.226987830302875,-3.2916020612949994],[37.226971816990726,-3.300644714309693],[37.21797459767764,-3.3006285571390497]]]}},{"type":"Feature","properties":{"value":65.87,"pixel_id":"302:9636"},"geometry":{"type":"Polygon","coordinates":[[[37.21799069214466,-3.2915859484833234],[37.218006742216886,-3.282543338106233],[37.22700379944407,-3.2825594065597063],[37.226987830302875,-3.2916020612949994],[37.21799069214466,-3.2915859484833234]]]}},{"type":"Feature","properties":{"value":48.26,"pixel_id":"302:9637"},"geometry":{"type":"Polygon","coordinates":[[[37.218006742216886,-3.282543338106233],[37.218022747896285,-3.27350072601249],[37.227019724416294,-3.273516750108523],[37.22700379944407,-3.2825594065597063],[37.218006742216886,-3.282543338106233]]]}},{"type":"Feature","properties":{"value":46.89,"pixel_id":"302:9638"},"geometry":{"type":"Polygon","coordinates":[[[37.218022747896285,-3.27350072601249],[37.218038709184846,-3.2644581122068037],[37.22703560522151,-3.2644740919461563],[37.227019724416294,-3.273516750108523],[37.218022747896285,-3.27350072601249]]]}},{"type":"Feature","properties":{"value":70.99,"pixel_id":"302:9639"},"geometry":{"type":"Polygon","coordinates":[[[37.218038709184846,-3.2644581122068037],[37.21805462608453,-3.2554154966938853],[37.227051441861676,-3.255431432077317],[37.22703560522151,-3.2644740919461563],[37.218038709184846,-3.2644581122068037]]]}},{"type":"Feature","properties":{"value":70.49,"pixel_id":"302:9640"},"geometry":{"type":"Polygon","coordinates":[[[37.21805462608453,-3.2554154966938853],[37.21807049859731,-3.2463728794784457],[37.22706723433875,-3.2463887705067123],[37.227051441861676,-3.255431432077317],[37.21805462608453,-3.2554154966938853]]]}},{"type":"Feature","properties":{"value":76.19,"pixel_id":"302:9641"},"geometry":{"type":"Polygon","coordinates":[[[37.21807049859731,-3.2463728794784457],[37.21808632672515,-3.237330260565197],[37.22708298265467,-3.2373461072390524],[37.22706723433875,-3.2463887705067123],[37.21807049859731,-3.2463728794784457]]]}},{"type":"Feature","properties":{"value":73.52,"pixel_id":"302:9642"},"geometry":{"type":"Polygon","coordinates":[[[37.21808632672515,-3.237330260565197],[37.21810211046999,-3.2282876399588503],[37.22709868681141,-3.2283034422790466],[37.22708298265467,-3.2373461072390524],[37.21808632672515,-3.237330260565197]]]}},{"type":"Feature","properties":{"value":62.04,"pixel_id":"302:9643"},"geometry":{"type":"Polygon","coordinates":[[[37.21810211046999,-3.2282876399588503],[37.21811784983379,-3.219245017664116],[37.22711434681088,-3.219260775631404],[37.22709868681141,-3.2283034422790466],[37.21810211046999,-3.2282876399588503]]]}},{"type":"Feature","properties":{"value":55.62,"pixel_id":"302:9644"},"geometry":{"type":"Polygon","coordinates":[[[37.21811784983379,-3.219245017664116],[37.218133544818485,-3.2102023936857056],[37.227129962655034,-3.2102181073008325],[37.22711434681088,-3.219260775631404],[37.21811784983379,-3.219245017664116]]]}},{"type":"Feature","properties":{"value":63.14,"pixel_id":"302:9645"},"geometry":{"type":"Polygon","coordinates":[[[37.218133544818485,-3.2102023936857056],[37.21814919542603,-3.2011597680283326],[37.22714553434579,-3.201175437292043],[37.227129962655034,-3.2102181073008325],[37.218133544818485,-3.2102023936857056]]]}},{"type":"Feature","properties":{"value":80.41,"pixel_id":"302:9646"},"geometry":{"type":"Polygon","coordinates":[[[37.21814919542603,-3.2011597680283326],[37.21816480165834,-3.1921171406967077],[37.22716106188507,-3.1921327656097476],[37.22714553434579,-3.201175437292043],[37.21814919542603,-3.2011597680283326]]]}},{"type":"Feature","properties":{"value":79.03,"pixel_id":"302:9647"},"geometry":{"type":"Polygon","coordinates":[[[37.21816480165834,-3.1921171406967077],[37.218180363517355,-3.183074511695544],[37.2271765452748,-3.1830900922586527],[37.22716106188507,-3.1921327656097476],[37.21816480165834,-3.1921171406967077]]]}},{"type":"Feature","properties":{"value":81.66,"pixel_id":"302:9648"},"geometry":{"type":"Polygon","coordinates":[[[37.218180363517355,-3.183074511695544],[37.21819588100498,-3.1740318810295527],[37.227191984516885,-3.1740474172434703],[37.2271765452748,-3.1830900922586527],[37.218180363517355,-3.183074511695544]]]}},{"type":"Feature","properties":{"value":97.7,"pixel_id":"302:9649"},"geometry":{"type":"Polygon","coordinates":[[[37.21819588100498,-3.1740318810295527],[37.21821135412315,-3.164989248703446],[37.22720737961323,-3.16500474056891],[37.227191984516885,-3.1740474172434703],[37.21819588100498,-3.1740318810295527]]]}},{"type":"Feature","properties":{"value":100.0,"pixel_id":"302:9650"},"geometry":{"type":"Polygon","coordinates":[[[37.21821135412315,-3.164989248703446],[37.218226782873764,-3.1559466147219375],[37.22722273056575,-3.155962062239682],[37.22720737961323,-3.16500474056891],[37.21821135412315,-3.164989248703446]]]}},{"type":"Feature","properties":{"value":100.0,"pixel_id":"302:9651"},"geometry":{"type":"Polygon","coordinates":[[[37.218226782873764,-3.1559466147219375],[37.21824216725874,-3.146903979089739],[37.22723803737632,-3.1469193822604975],[37.22722273056575,-3.155962062239682],[37.218226782873764,-3.1559466147219375]]]}},{"type":"Feature","properties":{"value":100.0,"pixel_id":"302:9652"},"geometry":{"type":"Polygon","coordinates":[[[37.21824216725874,-3.146903979089739],[37.21825750727995,-3.1378613418115635],[37.22725330004683,-3.1378767006360664],[37.22723803737632,-3.1469193822604975],[37.21824216725874,-3.146903979089739]]]}},{"type":"Feature","properties":{"value":100.0,"pixel_id":"302:9653"},"geometry":{"type":"Polygon","coordinates":[[[37.21825750727995,-3.1378613418115635],[37.21827280293932,-3.1288187028921244],[37.227268518579194,-3.128834017371101],[37.22725330004683,-3.1378767006360664],[37.21825750727995,-3.1378613418115635]]]}},{"type":"Feature","properties":{"value":100.0,"pixel_id":"302:9654"},"geometry":{"type":"Polygon","coordinates":[[[37.21827280293932,-3.1288187028921244],[37.21828805423872,-3.1197760623361335],[37.227283692975256,-3.1197913324703106],[37.227268518579194,-3.128834017371101],[37.21827280293932,-3.1288187028921244]]]}},{"type":"Feature","properties":{"value":90.0,"pixel_id":"302:9655"},"geometry":{"type":"Polygon","coordinates":[[[37.21828805423872,-3.1197760623361335],[37.21830326118003,-3.110733420148306],[37.22729882323691,-3.110748645938408],[37.227283692975256,-3.1197913324703106],[37.21828805423872,-3.1197760623361335]]]}},{"type":"Feature","properties":{"value":93.75,"pixel_id":"302:9656"},"geometry":{"type":"Polygon","coordinates":[[[37.21830326118003,-3.110733420148306],[37.21831842376515,-3.101690776333354],[37.22731390936601,-3.1017059577801027],[37.22729882323691,-3.110748645938408],[37.21830326118003,-3.110733420148306]]]}},{"type":"Feature","properties":{"value":100.0,"pixel_id":"302:9657"},"geometry":{"type":"Polygon","coordinates":[[[37.21831842376515,-3.101690776333354],[37.218333541995925,-3.0926481308959914],[37.22732895136444,-3.0926632680001065],[37.22731390936601,-3.1017059577801027],[37.21831842376515,-3.101690776333354]]]}},{"type":"Feature","properties":{"value":100.0,"pixel_id":"302:9658"},"geometry":{"type":"Polygon","coordinates":[[[37.218333541995925,-3.0926481308959914],[37.218348615874234,-3.0836054838409317],[37.22734394923403,-3.0836205766031317],[37.22732895136444,-3.0926632680001065],[37.218333541995925,-3.0926481308959914]]]}},{"type":"Feature","properties":{"value":100.0,"pixel_id":"302:9661"},"geometry":{"type":"Polygon","coordinates":[[[37.21837863058089,-3.0655201848965765],[37.21839357141293,-3.0564775330167087],[37.22738867808836,-3.056492492757452],[37.22737381259415,-3.065535188977093],[37.21837863058089,-3.0655201848965765]]]}},{"type":"Feature","properties":{"value":100.0,"pixel_id":"302:9662"},"geometry":{"type":"Polygon","coordinates":[[[37.21989006304685,-3.049341070765315],[37.22122652144561,-3.0474395605030056],[37.22740349946111,-3.047449794939681],[37.22738867808836,-3.056492492757452],[37.21839357141293,-3.0564775330167087],[37.21840143212133,-3.0517091815785173],[37.21989006304685,-3.049341070765315]]]}},{"type":"Feature","properties":{"value":100.0,"pixel_id":"302:9663"},"geometry":{"type":"Polygon","coordinates":[[[37.22142362467909,-3.0471591213641784],[37.22342505226748,-3.0445875291296343],[37.22482865193264,-3.0424055690643],[37.22696004328477,-3.0394183525107628],[37.2274177123773,-3.038752928868247],[37.22740349946111,-3.047449794939681],[37.22122652144561,-3.0474395605030056],[37.22142362467909,-3.0471591213641784]]]}},{"type":"Feature","properties":{"value":84.35,"pixel_id":"303:9614"},"geometry":{"type":"Polygon","coordinates":[[[37.23471737215722,-3.4896402416062373],[37.23424903638216,-3.4894647092403455],[37.233894621358175,-3.489404103947986],[37.23316321574879,-3.48963805894961],[37.23269276174628,-3.4896393145638887],[37.23266367609402,-3.489639393096215],[37.23263440718542,-3.4896394797525456],[37.23257590619919,-3.4896402750050273],[37.23245902370264,-3.489641858288605],[37.2322254599321,-3.489645022147729],[37.231285272375985,-3.489657789515235],[37.23027700958928,-3.4898606610115825],[37.22956884519293,-3.489472737590793],[37.22913257747689,-3.488853293370247],[37.22905731302911,-3.4882169669715934],[37.22906128268435,-3.4875905063438504],[37.22925262024662,-3.486913408956677],[37.229442522301056,-3.4864021457294716],[37.229438081928606,-3.4860060137526556],[37.2293857487751,-3.485728279048249],[37.22907942685649,-3.4851949429704288],[37.22907588659593,-3.484662679866837],[37.22974126962522,-3.483556339883766],[37.22985216934198,-3.4830206321295516],[37.22990830865732,-3.4826024345748094],[37.229526309964236,-3.4821965394230445],[37.2287528362501,-3.4820193546520897],[37.228224876594695,-3.481771789861347],[37.22773286751693,-3.4819333087078097],[37.22740712671683,-3.481854263924551],[37.22668852838843,-3.481805160056499],[37.22664169411076,-3.4818061222481966],[37.22664227176248,-3.4814974060280472],[37.2356412054117,-3.4815143643779645],[37.23562587185597,-3.4897414945567493],[37.23471737215722,-3.4896402416062373]]]}},{"type":"Feature","properties":{"value":86.74,"pixel_id":"303:9615"},"geometry":{"type":"Polygon","coordinates":[[[37.22664227176248,-3.4814974060280472],[37.226659168916264,-3.4724547884138777],[37.2356580169293,-3.4724717026134106],[37.2356412054117,-3.4815143643779645],[37.22664227176248,-3.4814974060280472]]]}},{"type":"Feature","properties":{"value":81.49,"pixel_id":"303:9616"},"geometry":{"type":"Polygon","coordinates":[[[37.226659168916264,-3.4724547884138777],[37.226676021858495,-3.4634121689849726],[37.23567478445942,-3.4634290390349234],[37.2356580169293,-3.4724717026134106],[37.226659168916264,-3.4724547884138777]]]}},{"type":"Feature","properties":{"value":82.32,"pixel_id":"303:9617"},"geometry":{"type":"Polygon","coordinates":[[[37.226676021858495,-3.4634121689849726],[37.226692830591254,-3.4543695477460363],[37.235691508004116,-3.454386373647207],[37.23567478445942,-3.4634290390349234],[37.226676021858495,-3.4634121689849726]]]}},{"type":"Feature","properties":{"value":30.85,"pixel_id":"303:9618"},"geometry":{"type":"Polygon","coordinates":[[[37.226692830591254,-3.4543695477460363],[37.226709595116624,-3.445326924701775],[37.23570818756547,-3.4453437064549646],[37.235691508004116,-3.454386373647207],[37.226692830591254,-3.4543695477460363]]]}},{"type":"Feature","properties":{"value":7.52,"pixel_id":"303:9619"},"geometry":{"type":"Polygon","coordinates":[[[37.226709595116624,-3.445326924701775],[37.22672631543667,-3.436284299856896],[37.23572482314553,-3.4363010374628997],[37.23570818756547,-3.4453437064549646],[37.226709595116624,-3.445326924701775]]]}},{"type":"Feature","properties":{"value":4.91,"pixel_id":"303:9620"},"geometry":{"type":"Polygon","coordinates":[[[37.22672631543667,-3.436284299856896],[37.22674299155347,-3.4272416732161024],[37.23574141474637,-3.4272583666757153],[37.23572482314553,-3.4363010374628997],[37.22672631543667,-3.436284299856896]]]}},{"type":"Feature","properties":{"value":18.26,"pixel_id":"303:9621"},"geometry":{"type":"Polygon","coordinates":[[[37.22674299155347,-3.4272416732161024],[37.22675962346907,-3.4181990447841004],[37.235757962370016,-3.4182156940981163],[37.23574141474637,-3.4272583666757153],[37.22674299155347,-3.4272416732161024]]]}},{"type":"Feature","properties":{"value":20.38,"pixel_id":"303:9622"},"geometry":{"type":"Polygon","coordinates":[[[37.22675962346907,-3.4181990447841004],[37.226776211185545,-3.4091564145655973],[37.23577446601853,-3.4091730197348067],[37.235757962370016,-3.4182156940981163],[37.22675962346907,-3.4181990447841004]]]}},{"type":"Feature","properties":{"value":15.42,"pixel_id":"303:9623"},"geometry":{"type":"Polygon","coordinates":[[[37.226776211185545,-3.4091564145655973],[37.22679275470492,-3.4001137825653],[37.23579092569395,-3.400130343590489],[37.23577446601853,-3.4091730197348067],[37.226776211185545,-3.4091564145655973]]]}},{"type":"Feature","properties":{"value":31.16,"pixel_id":"303:9624"},"geometry":{"type":"Polygon","coordinates":[[[37.22679275470492,-3.4001137825653],[37.22680925402925,-3.3910711487879133],[37.235807341398306,-3.3910876656698696],[37.23579092569395,-3.400130343590489],[37.22679275470492,-3.4001137825653]]]}},{"type":"Feature","properties":{"value":29.46,"pixel_id":"303:9625"},"geometry":{"type":"Polygon","coordinates":[[[37.22680925402925,-3.3910711487879133],[37.226825709160565,-3.3820285132381445],[37.23582371313362,-3.3820449859776525],[37.235807341398306,-3.3910876656698696],[37.22680925402925,-3.3910711487879133]]]}},{"type":"Feature","properties":{"value":49.16,"pixel_id":"303:9626"},"geometry":{"type":"Polygon","coordinates":[[[37.226825709160565,-3.3820285132381445],[37.22684212010091,-3.3729858759207],[37.23584004090192,-3.373002304518541],[37.23582371313362,-3.3820449859776525],[37.226825709160565,-3.3820285132381445]]]}},{"type":"Feature","properties":{"value":6.5,"pixel_id":"303:9627"},"geometry":{"type":"Polygon","coordinates":[[[37.22684212010091,-3.3729858759207],[37.22685848685231,-3.3639432368402873],[37.235856324705225,-3.3639596212972416],[37.23584004090192,-3.373002304518541],[37.22684212010091,-3.3729858759207]]]}},{"type":"Feature","properties":{"value":34.23,"pixel_id":"303:9628"},"geometry":{"type":"Polygon","coordinates":[[[37.22685848685231,-3.3639432368402873],[37.226874809416785,-3.354900596001613],[37.235872564545545,-3.354916936318458],[37.235856324705225,-3.3639596212972416],[37.22685848685231,-3.3639432368402873]]]}},{"type":"Feature","properties":{"value":26.17,"pixel_id":"303:9629"},"geometry":{"type":"Polygon","coordinates":[[[37.226874809416785,-3.354900596001613],[37.22689108779635,-3.3458579534093844],[37.23588876042489,-3.3458742495868954],[37.235872564545545,-3.354916936318458],[37.226874809416785,-3.354900596001613]]]}},{"type":"Feature","properties":{"value":4.8,"pixel_id":"303:9630"},"geometry":{"type":"Polygon","coordinates":[[[37.22689108779635,-3.3458579534093844],[37.22690732199302,-3.336815309068309],[37.235904912345255,-3.336831561107261],[37.23588876042489,-3.3458742495868954],[37.22689108779635,-3.3458579534093844]]]}},{"type":"Feature","properties":{"value":3.67,"pixel_id":"303:9631"},"geometry":{"type":"Polygon","coordinates":[[[37.22690732199302,-3.336815309068309],[37.226923512008796,-3.327772662983094],[37.23592102030863,-3.3277888708842576],[37.235904912345255,-3.336831561107261],[37.22690732199302,-3.336815309068309]]]}},{"type":"Feature","properties":{"value":8.76,"pixel_id":"303:9632"},"geometry":{"type":"Polygon","coordinates":[[[37.226923512008796,-3.327772662983094],[37.22693965784567,-3.3187300151584482],[37.23593708431702,-3.3187461789225923],[37.23592102030863,-3.3277888708842576],[37.226923512008796,-3.327772662983094]]]}},{"type":"Feature","properties":{"value":35.28,"pixel_id":"303:9633"},"geometry":{"type":"Polygon","coordinates":[[[37.22693965784567,-3.3187300151584482],[37.22695575950566,-3.309687365599079],[37.2359531043724,-3.309703485226971],[37.23593708431702,-3.3187461789225923],[37.22693965784567,-3.3187300151584482]]]}},{"type":"Feature","properties":{"value":13.53,"pixel_id":"303:9634"},"geometry":{"type":"Polygon","coordinates":[[[37.22695575950566,-3.309687365599079],[37.226971816990726,-3.300644714309693],[37.23596908047675,-3.3006607898020976],[37.2359531043724,-3.309703485226971],[37.22695575950566,-3.309687365599079]]]}},{"type":"Feature","properties":{"value":29.98,"pixel_id":"303:9635"},"geometry":{"type":"Polygon","coordinates":[[[37.226971816990726,-3.300644714309693],[37.226987830302875,-3.2916020612949994],[37.235985012632035,-3.2916180926526795],[37.23596908047675,-3.3006607898020976],[37.226971816990726,-3.300644714309693]]]}},{"type":"Feature","properties":{"value":42.92,"pixel_id":"303:9636"},"geometry":{"type":"Polygon","coordinates":[[[37.226987830302875,-3.2916020612949994],[37.22700379944407,-3.2825594065597063],[37.23600090084024,-3.2825753937834237],[37.235985012632035,-3.2916180926526795],[37.226987830302875,-3.2916020612949994]]]}},{"type":"Feature","properties":{"value":19.88,"pixel_id":"303:9637"},"geometry":{"type":"Polygon","coordinates":[[[37.22700379944407,-3.2825594065597063],[37.227019724416294,-3.273516750108523],[37.23601674510331,-3.2735326931990363],[37.23600090084024,-3.2825753937834237],[37.22700379944407,-3.2825594065597063]]]}},{"type":"Feature","properties":{"value":37.71,"pixel_id":"303:9638"},"geometry":{"type":"Polygon","coordinates":[[[37.227019724416294,-3.273516750108523],[37.22703560522151,-3.2644740919461563],[37.236032545423214,-3.2644899909042224],[37.23601674510331,-3.2735326931990363],[37.227019724416294,-3.273516750108523]]]}},{"type":"Feature","properties":{"value":44.08,"pixel_id":"303:9639"},"geometry":{"type":"Polygon","coordinates":[[[37.22703560522151,-3.2644740919461563],[37.227051441861676,-3.255431432077317],[37.2360483018019,-3.25544728690369],[37.236032545423214,-3.2644899909042224],[37.22703560522151,-3.2644740919461563]]]}},{"type":"Feature","properties":{"value":73.28,"pixel_id":"303:9640"},"geometry":{"type":"Polygon","coordinates":[[[37.227051441861676,-3.255431432077317],[37.22706723433875,-3.2463887705067123],[37.236064014241315,-3.2464045812021443],[37.2360483018019,-3.25544728690369],[37.227051441861676,-3.255431432077317]]]}},{"type":"Feature","properties":{"value":68.64,"pixel_id":"303:9641"},"geometry":{"type":"Polygon","coordinates":[[[37.22706723433875,-3.2463887705067123],[37.22708298265467,-3.2373461072390524],[37.2360796827434,-3.2373618738042946],[37.236064014241315,-3.2464045812021443],[37.22706723433875,-3.2463887705067123]]]}},{"type":"Feature","properties":{"value":64.67,"pixel_id":"303:9642"},"geometry":{"type":"Polygon","coordinates":[[[37.22708298265467,-3.2373461072390524],[37.22709868681141,-3.2283034422790466],[37.23609530731008,-3.2283191647148466],[37.2360796827434,-3.2373618738042946],[37.22708298265467,-3.2373461072390524]]]}},{"type":"Feature","properties":{"value":52.67,"pixel_id":"303:9643"},"geometry":{"type":"Polygon","coordinates":[[[37.22709868681141,-3.2283034422790466],[37.22711434681088,-3.219260775631404],[37.2361108879433,-3.2192764539385075],[37.23609530731008,-3.2283191647148466],[37.22709868681141,-3.2283034422790466]]]}},{"type":"Feature","properties":{"value":67.73,"pixel_id":"303:9644"},"geometry":{"type":"Polygon","coordinates":[[[37.22711434681088,-3.219260775631404],[37.227129962655034,-3.2102181073008325],[37.23612642464497,-3.210233741479984],[37.2361108879433,-3.2192764539385075],[37.22711434681088,-3.219260775631404]]]}},{"type":"Feature","properties":{"value":58.93,"pixel_id":"303:9645"},"geometry":{"type":"Polygon","coordinates":[[[37.227129962655034,-3.2102181073008325],[37.22714553434579,-3.201175437292043],[37.23614191741702,-3.201191027343985],[37.23612642464497,-3.210233741479984],[37.227129962655034,-3.2102181073008325]]]}},{"type":"Feature","properties":{"value":35.48,"pixel_id":"303:9646"},"geometry":{"type":"Polygon","coordinates":[[[37.22714553434579,-3.201175437292043],[37.22716106188507,-3.1921327656097476],[37.23615736626135,-3.192148311535219],[37.23614191741702,-3.201191027343985],[37.22714553434579,-3.201175437292043]]]}},{"type":"Feature","properties":{"value":77.73,"pixel_id":"303:9647"},"geometry":{"type":"Polygon","coordinates":[[[37.22716106188507,-3.1921327656097476],[37.2271765452748,-3.1830900922586527],[37.236172771179895,-3.1831055940583908],[37.23615736626135,-3.192148311535219],[37.22716106188507,-3.1921327656097476]]]}},{"type":"Feature","properties":{"value":99.64,"pixel_id":"303:9648"},"geometry":{"type":"Polygon","coordinates":[[[37.2271765452748,-3.1830900922586527],[37.227191984516885,-3.1740474172434703],[37.236188132174526,-3.1740628749182114],[37.236172771179895,-3.1831055940583908],[37.2271765452748,-3.1830900922586527]]]}},{"type":"Feature","properties":{"value":100.0,"pixel_id":"303:9649"},"geometry":{"type":"Polygon","coordinates":[[[37.227191984516885,-3.1740474172434703],[37.22720737961323,-3.16500474056891],[37.23620344924714,-3.165020154119387],[37.236188132174526,-3.1740628749182114],[37.227191984516885,-3.1740474172434703]]]}},{"type":"Feature","properties":{"value":100.0,"pixel_id":"303:9650"},"geometry":{"type":"Polygon","coordinates":[[[37.22720737961323,-3.16500474056891],[37.22722273056575,-3.155962062239682],[37.236218722399656,-3.1559774316666274],[37.23620344924714,-3.165020154119387],[37.22720737961323,-3.16500474056891]]]}},{"type":"Feature","properties":{"value":100.0,"pixel_id":"303:9651"},"geometry":{"type":"Polygon","coordinates":[[[37.22722273056575,-3.155962062239682],[37.22723803737632,-3.1469193822604975],[37.23623395163394,-3.1469347075646397],[37.236218722399656,-3.1559774316666274],[37.22722273056575,-3.155962062239682]]]}},{"type":"Feature","properties":{"value":100.0,"pixel_id":"303:9652"},"geometry":{"type":"Polygon","coordinates":[[[37.22723803737632,-3.1469193822604975],[37.22725330004683,-3.1378767006360664],[37.23624913695188,-3.1378919818181337],[37.23623395163394,-3.1469347075646397],[37.22723803737632,-3.1469193822604975]]]}},{"type":"Feature","properties":{"value":100.0,"pixel_id":"303:9653"},"geometry":{"type":"Polygon","coordinates":[[[37.22725330004683,-3.1378767006360664],[37.227268518579194,-3.128834017371101],[37.23626427835534,-3.1288492544318167],[37.23624913695188,-3.1378919818181337],[37.22725330004683,-3.1378767006360664]]]}},{"type":"Feature","properties":{"value":100.0,"pixel_id":"303:9654"},"geometry":{"type":"Polygon","coordinates":[[[37.227268518579194,-3.128834017371101],[37.227283692975256,-3.1197913324703106],[37.2362793758462,-3.119806525410398],[37.23626427835534,-3.1288492544318167],[37.227268518579194,-3.128834017371101]]]}},{"type":"Feature","properties":{"value":100.0,"pixel_id":"303:9655"},"geometry":{"type":"Polygon","coordinates":[[[37.227283692975256,-3.1197913324703106],[37.22729882323691,-3.110748645938408],[37.23629442942632,-3.110763794758588],[37.2362793758462,-3.119806525410398],[37.227283692975256,-3.1197913324703106]]]}},{"type":"Feature","properties":{"value":79.21,"pixel_id":"303:9661"},"geometry":{"type":"Polygon","coordinates":[[[37.22737381259415,-3.065535188977093],[37.22738867808836,-3.056492492757452],[37.23638382888524,-3.0565073768732107],[37.23636903873071,-3.065550117208477],[37.22737381259415,-3.065535188977093]]]}},{"type":"Feature","properties":{"value":100.0,"pixel_id":"303:9662"},"geometry":{"type":"Polygon","coordinates":[[[37.22738867808836,-3.056492492757452],[37.22740349946111,-3.047449794939681],[37.23639857514192,-3.0474646349405186],[37.23638382888524,-3.0565073768732107],[37.22738867808836,-3.056492492757452]]]}},{"type":"Feature","properties":{"value":100.0,"pixel_id":"303:9663"},"geometry":{"type":"Polygon","coordinates":[[[37.22765530248542,-3.0384074863777637],[37.23641327750258,-3.038421891415111],[37.23639857514192,-3.0474646349405186],[37.22740349946111,-3.047449794939681],[37.2274177123773,-3.038752928868247],[37.22765530248542,-3.0384074863777637]]]}},{"type":"Feature","properties":{"value":100.0,"pixel_id":"303:9664"},"geometry":{"type":"Polygon","coordinates":[[[37.23140910873116,-3.0329496111572865],[37.23330083678028,-3.029374026333789],[37.236427935969026,-3.0293791463016997],[37.23641327750258,-3.038421891415111],[37.22765530248542,-3.0384074863777637],[37.23140910873116,-3.0329496111572865]]]}},{"type":"Feature","properties":{"value":100.0,"pixel_id":"303:9665"},"geometry":{"type":"Polygon","coordinates":[[[37.2338669990615,-3.0283039056552585],[37.23463024096456,-3.0262462318431314],[37.23468759210724,-3.02609161444904],[37.23542023290014,-3.0241164357575805],[37.23643939671256,-3.022290127756232],[37.236427935969026,-3.0293791463016997],[37.23330083678028,-3.029374026333789],[37.2338669990615,-3.0283039056552585]]]}},{"type":"Feature","properties":{"value":97.49,"pixel_id":"304:9613"},"geometry":{"type":"Polygon","coordinates":[[[37.244388631811105,-3.494195749774333],[37.24354407081527,-3.493543724258875],[37.24327580153207,-3.4931236854945436],[37.24327341560668,-3.492686128476432],[37.2435075614855,-3.492003805655294],[37.243414708922785,-3.4915135512312028],[37.242792596842456,-3.491013020565228],[37.24180420029826,-3.4908173147082424],[37.24131300868743,-3.490712844296514],[37.24082232282811,-3.490606987373013],[37.24077686582713,-3.490566720416633],[37.24462341340567,-3.4905739404346336],[37.244616427763255,-3.494333864678791],[37.244388631811105,-3.494195749774333]]]}},{"type":"Feature","properties":{"value":90.05,"pixel_id":"304:9614"},"geometry":{"type":"Polygon","coordinates":[[[37.2401401637609,-3.49000271327754],[37.2398608793357,-3.4900295370150656],[37.23880571910129,-3.490306577181397],[37.23829719000547,-3.490303141621006],[37.23708283842126,-3.4901554007764934],[37.235827929698566,-3.4897640139338586],[37.23562587185597,-3.4897414945567493],[37.2356412054117,-3.4815143643779645],[37.24464018305049,-3.481531236561857],[37.24462341340567,-3.4905739404346336],[37.24077686582713,-3.490566720416633],[37.2401401637609,-3.49000271327754]]]}},{"type":"Feature","properties":{"value":62.42,"pixel_id":"304:9615"},"geometry":{"type":"Polygon","coordinates":[[[37.2356412054117,-3.4815143643779645],[37.2356580169293,-3.4724717026134106],[37.244656908929834,-3.4724885308712468],[37.24464018305049,-3.481531236561857],[37.2356412054117,-3.4815143643779645]]]}},{"type":"Feature","properties":{"value":50.59,"pixel_id":"304:9616"},"geometry":{"type":"Polygon","coordinates":[[[37.2356580169293,-3.4724717026134106],[37.23567478445942,-3.4634290390349234],[37.24467359104575,-3.4634458233675027],[37.244656908929834,-3.4724885308712468],[37.2356580169293,-3.4724717026134106]]]}},{"type":"Feature","properties":{"value":24.51,"pixel_id":"304:9617"},"geometry":{"type":"Polygon","coordinates":[[[37.23567478445942,-3.4634290390349234],[37.235691508004116,-3.454386373647207],[37.24469022940033,-3.4544031140553257],[37.24467359104575,-3.4634458233675027],[37.23567478445942,-3.4634290390349234]]]}},{"type":"Feature","properties":{"value":24.04,"pixel_id":"304:9618"},"geometry":{"type":"Polygon","coordinates":[[[37.235691508004116,-3.454386373647207],[37.23570818756547,-3.4453437064549646],[37.24470682399559,-3.445360402939418],[37.24469022940033,-3.4544031140553257],[37.235691508004116,-3.454386373647207]]]}},{"type":"Feature","properties":{"value":11.1,"pixel_id":"304:9619"},"geometry":{"type":"Polygon","coordinates":[[[37.23570818756547,-3.4453437064549646],[37.23572482314553,-3.4363010374628997],[37.24472337483362,-3.4363176900244805],[37.24470682399559,-3.445360402939418],[37.23570818756547,-3.4453437064549646]]]}},{"type":"Feature","properties":{"value":1.68,"pixel_id":"304:9620"},"geometry":{"type":"Polygon","coordinates":[[[37.23572482314553,-3.4363010374628997],[37.23574141474637,-3.4272583666757153],[37.244739881916445,-3.4272749753152136],[37.24472337483362,-3.4363176900244805],[37.23572482314553,-3.4363010374628997]]]}},{"type":"Feature","properties":{"value":12.33,"pixel_id":"304:9621"},"geometry":{"type":"Polygon","coordinates":[[[37.23574141474637,-3.4272583666757153],[37.235757962370016,-3.4182156940981163],[37.2447563452461,-3.4182322588163214],[37.244739881916445,-3.4272749753152136],[37.23574141474637,-3.4272583666757153]]]}},{"type":"Feature","properties":{"value":15.53,"pixel_id":"304:9622"},"geometry":{"type":"Polygon","coordinates":[[[37.235757962370016,-3.4182156940981163],[37.23577446601853,-3.4091730197348067],[37.244772764824624,-3.4091895405325032],[37.2447563452461,-3.4182322588163214],[37.235757962370016,-3.4182156940981163]]]}},{"type":"Feature","properties":{"value":41.5,"pixel_id":"304:9623"},"geometry":{"type":"Polygon","coordinates":[[[37.23577446601853,-3.4091730197348067],[37.23579092569395,-3.400130343590489],[37.244789140654056,-3.4001468204684637],[37.244772764824624,-3.4091895405325032],[37.23577446601853,-3.4091730197348067]]]}},{"type":"Feature","properties":{"value":51.18,"pixel_id":"304:9624"},"geometry":{"type":"Polygon","coordinates":[[[37.23579092569395,-3.400130343590489],[37.235807341398306,-3.3910876656698696],[37.2448054727364,-3.3911040986289036],[37.244789140654056,-3.4001468204684637],[37.23579092569395,-3.400130343590489]]]}},{"type":"Feature","properties":{"value":15.62,"pixel_id":"304:9625"},"geometry":{"type":"Polygon","coordinates":[[[37.235807341398306,-3.3910876656698696],[37.23582371313362,-3.3820449859776525],[37.24482176107369,-3.382061375018525],[37.2448054727364,-3.3911040986289036],[37.235807341398306,-3.3910876656698696]]]}},{"type":"Feature","properties":{"value":60.15,"pixel_id":"304:9626"},"geometry":{"type":"Polygon","coordinates":[[[37.23582371313362,-3.3820449859776525],[37.23584004090192,-3.373002304518541],[37.24483800566794,-3.373018649642031],[37.24482176107369,-3.382061375018525],[37.23582371313362,-3.3820449859776525]]]}},{"type":"Feature","properties":{"value":48.51,"pixel_id":"304:9627"},"geometry":{"type":"Polygon","coordinates":[[[37.23584004090192,-3.373002304518541],[37.235856324705225,-3.3639596212972416],[37.24485420652113,-3.363975922504125],[37.24483800566794,-3.373018649642031],[37.23584004090192,-3.373002304518541]]]}},{"type":"Feature","properties":{"value":12.21,"pixel_id":"304:9628"},"geometry":{"type":"Polygon","coordinates":[[[37.235856324705225,-3.3639596212972416],[37.235872564545545,-3.354916936318458],[37.24487036363529,-3.3549331936095093],[37.24485420652113,-3.363975922504125],[37.235856324705225,-3.3639596212972416]]]}},{"type":"Feature","properties":{"value":7.35,"pixel_id":"304:9629"},"geometry":{"type":"Polygon","coordinates":[[[37.235872564545545,-3.354916936318458],[37.23588876042489,-3.3458742495868954],[37.24488647701241,-3.345890462962885],[37.24487036363529,-3.3549331936095093],[37.235872564545545,-3.354916936318458]]]}},{"type":"Feature","properties":{"value":5.71,"pixel_id":"304:9630"},"geometry":{"type":"Polygon","coordinates":[[[37.23588876042489,-3.3458742495868954],[37.235904912345255,-3.336831561107261],[37.24490254665448,-3.3368477305689583],[37.24488647701241,-3.345890462962885],[37.23588876042489,-3.3458742495868954]]]}},{"type":"Feature","properties":{"value":40.97,"pixel_id":"304:9631"},"geometry":{"type":"Polygon","coordinates":[[[37.235904912345255,-3.336831561107261],[37.23592102030863,-3.3277888708842576],[37.24491857256347,-3.3278049964324308],[37.24490254665448,-3.3368477305689583],[37.235904912345255,-3.336831561107261]]]}},{"type":"Feature","properties":{"value":44.04,"pixel_id":"304:9632"},"geometry":{"type":"Polygon","coordinates":[[[37.23592102030863,-3.3277888708842576],[37.23593708431702,-3.3187461789225923],[37.24493455474138,-3.318762260558007],[37.24491857256347,-3.3278049964324308],[37.23592102030863,-3.3277888708842576]]]}},{"type":"Feature","properties":{"value":13.22,"pixel_id":"304:9633"},"geometry":{"type":"Polygon","coordinates":[[[37.23593708431702,-3.3187461789225923],[37.2359531043724,-3.309703485226971],[37.244950493190174,-3.30971952295039],[37.24493455474138,-3.318762260558007],[37.23593708431702,-3.3187461789225923]]]}},{"type":"Feature","properties":{"value":30.21,"pixel_id":"304:9634"},"geometry":{"type":"Polygon","coordinates":[[[37.2359531043724,-3.309703485226971],[37.23596908047675,-3.3006607898020976],[37.24496638791182,-3.300676783614283],[37.244950493190174,-3.30971952295039],[37.2359531043724,-3.309703485226971]]]}},{"type":"Feature","properties":{"value":54.64,"pixel_id":"304:9635"},"geometry":{"type":"Polygon","coordinates":[[[37.23596908047675,-3.3006607898020976],[37.235985012632035,-3.2916180926526795],[37.244982238908285,-3.2916340425543904],[37.24496638791182,-3.300676783614283],[37.23596908047675,-3.3006607898020976]]]}},{"type":"Feature","properties":{"value":76.88,"pixel_id":"304:9636"},"geometry":{"type":"Polygon","coordinates":[[[37.235985012632035,-3.2916180926526795],[37.23600090084024,-3.2825753937834237],[37.24499804618153,-3.282591299775417],[37.244982238908285,-3.2916340425543904],[37.235985012632035,-3.2916180926526795]]]}},{"type":"Feature","properties":{"value":41.71,"pixel_id":"304:9637"},"geometry":{"type":"Polygon","coordinates":[[[37.23600090084024,-3.2825753937834237],[37.23601674510331,-3.2735326931990363],[37.2450138097335,-3.273548555282065],[37.24499804618153,-3.282591299775417],[37.23600090084024,-3.2825753937834237]]]}},{"type":"Feature","properties":{"value":49.92,"pixel_id":"304:9638"},"geometry":{"type":"Polygon","coordinates":[[[37.23601674510331,-3.2735326931990363],[37.236032545423214,-3.2644899909042224],[37.245029529566146,-3.264505809079041],[37.2450138097335,-3.273548555282065],[37.23601674510331,-3.2735326931990363]]]}},{"type":"Feature","properties":{"value":63.85,"pixel_id":"304:9639"},"geometry":{"type":"Polygon","coordinates":[[[37.236032545423214,-3.2644899909042224],[37.2360483018019,-3.25544728690369],[37.24504520568141,-3.255463061171049],[37.245029529566146,-3.264505809079041],[37.236032545423214,-3.2644899909042224]]]}},{"type":"Feature","properties":{"value":56.23,"pixel_id":"304:9640"},"geometry":{"type":"Polygon","coordinates":[[[37.2360483018019,-3.25544728690369],[37.236064014241315,-3.2464045812021443],[37.24506083808122,-3.246420311562793],[37.24504520568141,-3.255463061171049],[37.2360483018019,-3.25544728690369]]]}},{"type":"Feature","properties":{"value":65.3,"pixel_id":"304:9641"},"geometry":{"type":"Polygon","coordinates":[[[37.236064014241315,-3.2464045812021443],[37.2360796827434,-3.2373618738042946],[37.24507642676752,-3.2373775602589787],[37.24506083808122,-3.246420311562793],[37.236064014241315,-3.2464045812021443]]]}},{"type":"Feature","properties":{"value":50.85,"pixel_id":"304:9642"},"geometry":{"type":"Polygon","coordinates":[[[37.2360796827434,-3.2373618738042946],[37.23609530731008,-3.2283191647148466],[37.24509197174222,-3.2283348072643103],[37.24507642676752,-3.2373775602589787],[37.2360796827434,-3.2373618738042946]]]}},{"type":"Feature","properties":{"value":62.84,"pixel_id":"304:9643"},"geometry":{"type":"Polygon","coordinates":[[[37.23609530731008,-3.2283191647148466],[37.2361108879433,-3.2192764539385075],[37.24510747300726,-3.219292052583494],[37.24509197174222,-3.2283348072643103],[37.23609530731008,-3.2283191647148466]]]}},{"type":"Feature","properties":{"value":57.73,"pixel_id":"304:9644"},"geometry":{"type":"Polygon","coordinates":[[[37.2361108879433,-3.2192764539385075],[37.23612642464497,-3.210233741479984],[37.245122930564534,-3.2102492962212335],[37.24510747300726,-3.219292052583494],[37.2361108879433,-3.2192764539385075]]]}},{"type":"Feature","properties":{"value":81.03,"pixel_id":"304:9645"},"geometry":{"type":"Polygon","coordinates":[[[37.23612642464497,-3.210233741479984],[37.23614191741702,-3.201191027343985],[37.24513834441596,-3.2012065381822357],[37.245122930564534,-3.2102492962212335],[37.23612642464497,-3.210233741479984]]]}},{"type":"Feature","properties":{"value":80.22,"pixel_id":"304:9646"},"geometry":{"type":"Polygon","coordinates":[[[37.23614191741702,-3.201191027343985],[37.23615736626135,-3.192148311535219],[37.24515371456344,-3.1921637784712056],[37.24513834441596,-3.2012065381822357],[37.23614191741702,-3.201191027343985]]]}},{"type":"Feature","properties":{"value":76.11,"pixel_id":"304:9647"},"geometry":{"type":"Polygon","coordinates":[[[37.23615736626135,-3.192148311535219],[37.236172771179895,-3.1831055940583908],[37.24516904100888,-3.183121017092849],[37.24515371456344,-3.1921637784712056],[37.23615736626135,-3.192148311535219]]]}},{"type":"Feature","properties":{"value":95.23,"pixel_id":"304:9648"},"geometry":{"type":"Polygon","coordinates":[[[37.236172771179895,-3.1831055940583908],[37.236188132174526,-3.1740628749182114],[37.24518432375417,-3.1740782540518717],[37.24516904100888,-3.183121017092849],[37.236172771179895,-3.1831055940583908]]]}},{"type":"Feature","properties":{"value":99.75,"pixel_id":"304:9649"},"geometry":{"type":"Polygon","coordinates":[[[37.236188132174526,-3.1740628749182114],[37.23620344924714,-3.165020154119387],[37.245199562801176,-3.16503548935298],[37.24518432375417,-3.1740782540518717],[37.236188132174526,-3.1740628749182114]]]}},{"type":"Feature","properties":{"value":100.0,"pixel_id":"304:9650"},"geometry":{"type":"Polygon","coordinates":[[[37.23620344924714,-3.165020154119387],[37.236218722399656,-3.1559774316666274],[37.2452147581518,-3.15599272300088],[37.245199562801176,-3.16503548935298],[37.23620344924714,-3.165020154119387]]]}},{"type":"Feature","properties":{"value":100.0,"pixel_id":"304:9651"},"geometry":{"type":"Polygon","coordinates":[[[37.236218722399656,-3.1559774316666274],[37.23623395163394,-3.1469347075646397],[37.245229909807925,-3.1469499550002773],[37.2452147581518,-3.15599272300088],[37.236218722399656,-3.1559774316666274]]]}},{"type":"Feature","properties":{"value":100.0,"pixel_id":"304:9652"},"geometry":{"type":"Polygon","coordinates":[[[37.23623395163394,-3.1469347075646397],[37.23624913695188,-3.1378919818181337],[37.2452450177714,-3.13790718535588],[37.245229909807925,-3.1469499550002773],[37.23623395163394,-3.1469347075646397]]]}},{"type":"Feature","properties":{"value":100.0,"pixel_id":"304:9653"},"geometry":{"type":"Polygon","coordinates":[[[37.23624913695188,-3.1378919818181337],[37.23626427835534,-3.1288492544318167],[37.245260082044105,-3.128864414072394],[37.2452450177714,-3.13790718535588],[37.23624913695188,-3.1378919818181337]]]}},{"type":"Feature","properties":{"value":100.0,"pixel_id":"304:9654"},"geometry":{"type":"Polygon","coordinates":[[[37.23626427835534,-3.1288492544318167],[37.2362793758462,-3.119806525410398],[37.2452751026279,-3.1198216411545254],[37.245260082044105,-3.128864414072394],[37.23626427835534,-3.1288492544318167]]]}},{"type":"Feature","properties":{"value":100.0,"pixel_id":"304:9655"},"geometry":{"type":"Polygon","coordinates":[[[37.2362793758462,-3.119806525410398],[37.23629442942632,-3.110763794758588],[37.24529007952463,-3.110778866606981],[37.2452751026279,-3.1198216411545254],[37.2362793758462,-3.119806525410398]]]}},{"type":"Feature","properties":{"value":84.02,"pixel_id":"304:9661"},"geometry":{"type":"Polygon","coordinates":[[[37.23636903873071,-3.065550117208477],[37.23638382888524,-3.0565073768732107],[37.24537902357996,-3.0565221853621485],[37.24536430876693,-3.065564969588889],[37.23636903873071,-3.065550117208477]]]}},{"type":"Feature","properties":{"value":100.0,"pixel_id":"304:9662"},"geometry":{"type":"Polygon","coordinates":[[[37.23638382888524,-3.0565073768732107],[37.23639857514192,-3.0474646349405186],[37.24539369471874,-3.047479399538685],[37.24537902357996,-3.0565221853621485],[37.23638382888524,-3.0565073768732107]]]}},{"type":"Feature","properties":{"value":94.19,"pixel_id":"304:9663"},"geometry":{"type":"Polygon","coordinates":[[[37.23639857514192,-3.0474646349405186],[37.23641327750258,-3.038421891415111],[37.24540832218511,-3.038436612123206],[37.24539369471874,-3.047479399538685],[37.23639857514192,-3.0474646349405186]]]}},{"type":"Feature","properties":{"value":97.31,"pixel_id":"304:9664"},"geometry":{"type":"Polygon","coordinates":[[[37.23641327750258,-3.038421891415111],[37.236427935969026,-3.0293791463016997],[37.245422905980874,-3.029393823120422],[37.24540832218511,-3.038436612123206],[37.23641327750258,-3.038421891415111]]]}},{"type":"Feature","properties":{"value":100.0,"pixel_id":"304:9665"},"geometry":{"type":"Polygon","coordinates":[[[37.23752867160684,-3.020338170481659],[37.24543744610782,-3.020351032535039],[37.245422905980874,-3.029393823120422],[37.236427935969026,-3.0293791463016997],[37.23643939671256,-3.022290127756232],[37.23752867160684,-3.020338170481659]]]}},{"type":"Feature","properties":{"value":100.0,"pixel_id":"304:9666"},"geometry":{"type":"Polygon","coordinates":[[[37.23856282183499,-3.0184849834616347],[37.24236855540335,-3.011303247709844],[37.245451942567755,-3.0113082403717666],[37.24543744610782,-3.020351032535039],[37.23752867160684,-3.020338170481659],[37.23856282183499,-3.0184849834616347]]]}},{"type":"Feature","properties":{"value":100.0,"pixel_id":"304:9667"},"geometry":{"type":"Polygon","coordinates":[[[37.24502860778918,-3.006283403751795],[37.24546141123997,-3.0053869895512073],[37.245451942567755,-3.0113082403717666],[37.24236855540335,-3.011303247709844],[37.24502860778918,-3.006283403751795]]]}},{"type":"Feature","properties":{"value":83.19,"pixel_id":"305:9613"},"geometry":{"type":"Polygon","coordinates":[[[37.253426741784764,-3.495326476090006],[37.25269728641784,-3.4955329380469458],[37.25227526059231,-3.4958656384517224],[37.25175448566256,-3.4961190361050285],[37.25139724813193,-3.4957481124734757],[37.25128566928882,-3.4947651683283385],[37.25079515680435,-3.4940599653607043],[37.25006917162938,-3.493748914756638],[37.2496695893129,-3.493754574473846],[37.249515193170076,-3.493927936920613],[37.2492756780608,-3.494469548125715],[37.24886894425637,-3.4948987068077804],[37.24814351603686,-3.495480028366764],[37.24688997095679,-3.495992940266635],[37.24618082739677,-3.4960430913763836],[37.24531435559287,-3.495199687799712],[37.24483912973957,-3.494468890985223],[37.244616427763255,-3.494333864678791],[37.24462341340567,-3.4905739404346336],[37.253622520674355,-3.490590770152941],[37.253613579760355,-3.4954271323744304],[37.253426741784764,-3.495326476090006]]]}},{"type":"Feature","properties":{"value":62.04,"pixel_id":"305:9614"},"geometry":{"type":"Polygon","coordinates":[[[37.24462341340567,-3.4905739404346336],[37.24464018305049,-3.481531236561857],[37.253639204454764,-3.481548022577646],[37.253622520674355,-3.490590770152941],[37.24462341340567,-3.4905739404346336]]]}},{"type":"Feature","properties":{"value":29.14,"pixel_id":"305:9615"},"geometry":{"type":"Polygon","coordinates":[[[37.24464018305049,-3.481531236561857],[37.244656908929834,-3.4724885308712468],[37.253655844693775,-3.472505273185312],[37.253639204454764,-3.481548022577646],[37.24464018305049,-3.481531236561857]]]}},{"type":"Feature","properties":{"value":20.17,"pixel_id":"305:9616"},"geometry":{"type":"Polygon","coordinates":[[[37.244656908929834,-3.4724885308712468],[37.24467359104575,-3.4634458233675027],[37.25367244139345,-3.4634625219806408],[37.253655844693775,-3.472505273185312],[37.244656908929834,-3.4724885308712468]]]}},{"type":"Feature","properties":{"value":2.0,"pixel_id":"305:9617"},"geometry":{"type":"Polygon","coordinates":[[[37.24467359104575,-3.4634458233675027],[37.24469022940033,-3.4544031140553257],[37.25368899455584,-3.4544197689683287],[37.25367244139345,-3.4634625219806408],[37.24467359104575,-3.4634458233675027]]]}},{"type":"Feature","properties":{"value":4.05,"pixel_id":"305:9618"},"geometry":{"type":"Polygon","coordinates":[[[37.24469022940033,-3.4544031140553257],[37.24470682399559,-3.445360402939418],[37.253705504182975,-3.4453770141530775],[37.25368899455584,-3.4544197689683287],[37.24469022940033,-3.4544031140553257]]]}},{"type":"Feature","properties":{"value":4.95,"pixel_id":"305:9619"},"geometry":{"type":"Polygon","coordinates":[[[37.24470682399559,-3.445360402939418],[37.24472337483362,-3.4363176900244805],[37.253721970276914,-3.436334257539584],[37.253705504182975,-3.4453770141530775],[37.24470682399559,-3.445360402939418]]]}},{"type":"Feature","properties":{"value":0.98,"pixel_id":"305:9620"},"geometry":{"type":"Polygon","coordinates":[[[37.24472337483362,-3.4363176900244805],[37.244739881916445,-3.4272749753152136],[37.25373839283968,-3.4272914991325485],[37.253721970276914,-3.436334257539584],[37.24472337483362,-3.4363176900244805]]]}},{"type":"Feature","properties":{"value":10.16,"pixel_id":"305:9621"},"geometry":{"type":"Polygon","coordinates":[[[37.244739881916445,-3.4272749753152136],[37.2447563452461,-3.4182322588163214],[37.25375477187331,-3.4182487389366716],[37.25373839283968,-3.4272914991325485],[37.244739881916445,-3.4272749753152136]]]}},{"type":"Feature","properties":{"value":4.32,"pixel_id":"305:9622"},"geometry":{"type":"Polygon","coordinates":[[[37.2447563452461,-3.4182322588163214],[37.244772764824624,-3.4091895405325032],[37.25377110737982,-3.409205976956652],[37.25375477187331,-3.4182487389366716],[37.2447563452461,-3.4182322588163214]]]}},{"type":"Feature","properties":{"value":21.62,"pixel_id":"305:9623"},"geometry":{"type":"Polygon","coordinates":[[[37.244772764824624,-3.4091895405325032],[37.244789140654056,-3.4001468204684637],[37.25378739936123,-3.4001632131971906],[37.25377110737982,-3.409205976956652],[37.244772764824624,-3.4091895405325032]]]}},{"type":"Feature","properties":{"value":18.29,"pixel_id":"305:9624"},"geometry":{"type":"Polygon","coordinates":[[[37.244789140654056,-3.4001468204684637],[37.2448054727364,-3.3911040986289036],[37.25380364781955,-3.391120447662988],[37.25378739936123,-3.4001632131971906],[37.244789140654056,-3.4001468204684637]]]}},{"type":"Feature","properties":{"value":44.67,"pixel_id":"305:9625"},"geometry":{"type":"Polygon","coordinates":[[[37.2448054727364,-3.3911040986289036],[37.24482176107369,-3.382061375018525],[37.253819852756806,-3.3820776803587416],[37.25380364781955,-3.391120447662988],[37.2448054727364,-3.3911040986289036]]]}},{"type":"Feature","properties":{"value":48.16,"pixel_id":"305:9626"},"geometry":{"type":"Polygon","coordinates":[[[37.24482176107369,-3.382061375018525],[37.24483800566794,-3.373018649642031],[37.25383601417498,-3.3730349112891553],[37.253819852756806,-3.3820776803587416],[37.24482176107369,-3.382061375018525]]]}},{"type":"Feature","properties":{"value":16.57,"pixel_id":"305:9627"},"geometry":{"type":"Polygon","coordinates":[[[37.24483800566794,-3.373018649642031],[37.24485420652113,-3.363975922504125],[37.25385213207607,-3.3639921404589277],[37.25383601417498,-3.3730349112891553],[37.24483800566794,-3.373018649642031]]]}},{"type":"Feature","properties":{"value":0.09,"pixel_id":"305:9628"},"geometry":{"type":"Polygon","coordinates":[[[37.24485420652113,-3.363975922504125],[37.24487036363529,-3.3549331936095093],[37.25386820646207,-3.3549493678727598],[37.25385213207607,-3.3639921404589277],[37.24485420652113,-3.363975922504125]]]}},{"type":"Feature","properties":{"value":1.07,"pixel_id":"305:9629"},"geometry":{"type":"Polygon","coordinates":[[[37.24487036363529,-3.3549331936095093],[37.24488647701241,-3.345890462962885],[37.25388423733498,-3.345906593535353],[37.25386820646207,-3.3549493678727598],[37.24487036363529,-3.3549331936095093]]]}},{"type":"Feature","properties":{"value":0.18,"pixel_id":"305:9630"},"geometry":{"type":"Polygon","coordinates":[[[37.24488647701241,-3.345890462962885],[37.24490254665448,-3.3368477305689583],[37.253900224696764,-3.3368638174514085],[37.25388423733498,-3.345906593535353],[37.24488647701241,-3.345890462962885]]]}},{"type":"Feature","properties":{"value":7.86,"pixel_id":"305:9631"},"geometry":{"type":"Polygon","coordinates":[[[37.24490254665448,-3.3368477305689583],[37.24491857256347,-3.3278049964324308],[37.253916168549395,-3.327821039625627],[37.253900224696764,-3.3368638174514085],[37.24490254665448,-3.3368477305689583]]]}},{"type":"Feature","properties":{"value":3.66,"pixel_id":"305:9632"},"geometry":{"type":"Polygon","coordinates":[[[37.24491857256347,-3.3278049964324308],[37.24493455474138,-3.318762260558007],[37.25393206889485,-3.3187782600627105],[37.253916168549395,-3.327821039625627],[37.24491857256347,-3.3278049964324308]]]}},{"type":"Feature","properties":{"value":30.46,"pixel_id":"305:9633"},"geometry":{"type":"Polygon","coordinates":[[[37.24493455474138,-3.318762260558007],[37.244950493190174,-3.30971952295039],[37.25394792573509,-3.3097354787673603],[37.25393206889485,-3.3187782600627105],[37.24493455474138,-3.318762260558007]]]}},{"type":"Feature","properties":{"value":74.54,"pixel_id":"305:9634"},"geometry":{"type":"Polygon","coordinates":[[[37.244950493190174,-3.30971952295039],[37.24496638791182,-3.300676783614283],[37.25396373907208,-3.300692695744277],[37.25394792573509,-3.3097354787673603],[37.244950493190174,-3.30971952295039]]]}},{"type":"Feature","properties":{"value":72.57,"pixel_id":"305:9635"},"geometry":{"type":"Polygon","coordinates":[[[37.24928868027622,-3.292074030337795],[37.24976431126971,-3.2929685320182864],[37.24971307226424,-3.2934780353680053],[37.24982183758387,-3.2942535855177213],[37.25006978697535,-3.2943814306979347],[37.250168945711366,-3.294132634523499],[37.250490580312295,-3.294161613467576],[37.25115806629765,-3.294808983913567],[37.25173843726001,-3.2954768956672713],[37.25236239268332,-3.295737604656624],[37.252622892437614,-3.295951523191906],[37.25256474448926,-3.2961510456835534],[37.25246892838442,-3.296495515787541],[37.25264369023304,-3.29672685109218],[37.252871600007154,-3.29736500443383],[37.25309488525419,-3.297360478435417],[37.253310584228615,-3.297356106824729],[37.25331453861251,-3.2969847925063362],[37.253291254280334,-3.296649293320692],[37.253607958927034,-3.2964694233336553],[37.25397080128142,-3.2966461470925728],[37.25396373907208,-3.300692695744277],[37.24496638791182,-3.300676783614283],[37.244982238908285,-3.2916340425543904],[37.24934592682038,-3.291641748953526],[37.24928868027622,-3.292074030337795]]]}},{"type":"Feature","properties":{"value":35.9,"pixel_id":"305:9636"},"geometry":{"type":"Polygon","coordinates":[[[37.25179641452845,-3.2827002936639915],[37.25199755001549,-3.2835472111446635],[37.251411896060965,-3.2843921632650717],[37.25138089789546,-3.285233538418964],[37.25144089188171,-3.2860747106129087],[37.25105195100809,-3.2872612474556013],[37.250374922219464,-3.2877020794375507],[37.25039634703901,-3.2886179910094318],[37.24959291271352,-3.289829210762256],[37.249361524662625,-3.290368481184869],[37.24939580257723,-3.2912651250931715],[37.24934592682038,-3.291641748953526],[37.244982238908285,-3.2916340425543904],[37.24499804618153,-3.282591299775417],[37.2519097647438,-3.2826034637311263],[37.25179641452845,-3.2827002936639915]]]}},{"type":"Feature","properties":{"value":45.58,"pixel_id":"305:9637"},"geometry":{"type":"Polygon","coordinates":[[[37.253509018481616,-3.2736065800520047],[37.253533599082765,-3.274926165698733],[37.253813097306974,-3.275328053276935],[37.25400737859988,-3.2756074098573533],[37.254006196153135,-3.2762896606664924],[37.25353303763571,-3.276078035746362],[37.25331850916608,-3.2761958912047637],[37.25316297934935,-3.27647282538374],[37.253391287975454,-3.2777002340799983],[37.25269614106588,-3.2791963495271172],[37.25257878246221,-3.280426460731515],[37.25241476895595,-3.2821720610957454],[37.2519097647438,-3.2826034637311263],[37.24499804618153,-3.282591299775417],[37.2450138097335,-3.273548555282065],[37.25357612555331,-3.2735635755871364],[37.253509018481616,-3.2736065800520047]]]}},{"type":"Feature","properties":{"value":45.01,"pixel_id":"305:9638"},"geometry":{"type":"Polygon","coordinates":[[[37.25399127814359,-3.273297531636294],[37.25357612555331,-3.2735635755871364],[37.2450138097335,-3.273548555282065],[37.245029529566146,-3.264505809079041],[37.25402655742646,-3.264521546468664],[37.25401145806092,-3.273252535586161],[37.25399127814359,-3.273297531636294]]]}},{"type":"Feature","properties":{"value":78.16,"pixel_id":"305:9639"},"geometry":{"type":"Polygon","coordinates":[[[37.245029529566146,-3.264505809079041],[37.24504520568141,-3.255463061171049],[37.25404215327636,-3.2554787548774504],[37.25402655742646,-3.264521546468664],[37.245029529566146,-3.264505809079041]]]}},{"type":"Feature","properties":{"value":91.32,"pixel_id":"305:9640"},"geometry":{"type":"Polygon","coordinates":[[[37.24504520568141,-3.255463061171049],[37.24506083808122,-3.246420311562793],[37.25405770563464,-3.2464359615867195],[37.25404215327636,-3.2554787548774504],[37.24504520568141,-3.255463061171049]]]}},{"type":"Feature","properties":{"value":65.39,"pixel_id":"305:9641"},"geometry":{"type":"Polygon","coordinates":[[[37.24506083808122,-3.246420311562793],[37.24507642676752,-3.2373775602589787],[37.25407321450323,-3.2373931666011715],[37.25405770563464,-3.2464359615867195],[37.24506083808122,-3.246420311562793]]]}},{"type":"Feature","properties":{"value":53.45,"pixel_id":"305:9642"},"geometry":{"type":"Polygon","coordinates":[[[37.24507642676752,-3.2373775602589787],[37.24509197174222,-3.2283348072643103],[37.254088679884035,-3.2283503699255114],[37.25407321450323,-3.2373931666011715],[37.24507642676752,-3.2373775602589787]]]}},{"type":"Feature","properties":{"value":54.07,"pixel_id":"305:9643"},"geometry":{"type":"Polygon","coordinates":[[[37.24509197174222,-3.2283348072643103],[37.24510747300726,-3.219292052583494],[37.25410410177898,-3.219307571564441],[37.254088679884035,-3.2283503699255114],[37.24509197174222,-3.2283348072643103]]]}},{"type":"Feature","properties":{"value":75.22,"pixel_id":"305:9644"},"geometry":{"type":"Polygon","coordinates":[[[37.24510747300726,-3.219292052583494],[37.245122930564534,-3.2102492962212335],[37.25411948018994,-3.210264771522663],[37.25410410177898,-3.219307571564441],[37.24510747300726,-3.219292052583494]]]}},{"type":"Feature","properties":{"value":58.01,"pixel_id":"305:9645"},"geometry":{"type":"Polygon","coordinates":[[[37.245122930564534,-3.2102492962212335],[37.24513834441596,-3.2012065381822357],[37.254134815118846,-3.201221969804882],[37.25411948018994,-3.210264771522663],[37.245122930564534,-3.2102492962212335]]]}},{"type":"Feature","properties":{"value":69.87,"pixel_id":"305:9646"},"geometry":{"type":"Polygon","coordinates":[[[37.24513834441596,-3.2012065381822357],[37.24515371456344,-3.1921637784712056],[37.25415010656758,-3.192179166415802],[37.254134815118846,-3.201221969804882],[37.24513834441596,-3.2012065381822357]]]}},{"type":"Feature","properties":{"value":73.12,"pixel_id":"305:9647"},"geometry":{"type":"Polygon","coordinates":[[[37.24515371456344,-3.1921637784712056],[37.24516904100888,-3.183121017092849],[37.254165354538024,-3.1831363613601247],[37.25415010656758,-3.192179166415802],[37.24515371456344,-3.1921637784712056]]]}},{"type":"Feature","properties":{"value":99.64,"pixel_id":"305:9648"},"geometry":{"type":"Polygon","coordinates":[[[37.24516904100888,-3.183121017092849],[37.24518432375417,-3.1740782540518717],[37.25418055903207,-3.1740935546425546],[37.254165354538024,-3.1831363613601247],[37.24516904100888,-3.183121017092849]]]}},{"type":"Feature","properties":{"value":100.0,"pixel_id":"305:9649"},"geometry":{"type":"Polygon","coordinates":[[[37.24518432375417,-3.1740782540518717],[37.245199562801176,-3.16503548935298],[37.254195720051584,-3.165050746267797],[37.25418055903207,-3.1740935546425546],[37.24518432375417,-3.1740782540518717]]]}},{"type":"Feature","properties":{"value":100.0,"pixel_id":"305:9650"},"geometry":{"type":"Polygon","coordinates":[[[37.245199562801176,-3.16503548935298],[37.2452147581518,-3.15599272300088],[37.25421083759846,-3.156007936240554],[37.254195720051584,-3.165050746267797],[37.245199562801176,-3.16503548935298]]]}},{"type":"Feature","properties":{"value":100.0,"pixel_id":"305:9651"},"geometry":{"type":"Polygon","coordinates":[[[37.2452147581518,-3.15599272300088],[37.245229909807925,-3.1469499550002773],[37.25422591167453,-3.1469651245655323],[37.25421083759846,-3.156007936240554],[37.2452147581518,-3.15599272300088]]]}},{"type":"Feature","properties":{"value":100.0,"pixel_id":"305:9652"},"geometry":{"type":"Polygon","coordinates":[[[37.245229909807925,-3.1469499550002773],[37.2452450177714,-3.13790718535588],[37.25424094228168,-3.137922311247434],[37.25422591167453,-3.1469651245655323],[37.245229909807925,-3.1469499550002773]]]}},{"type":"Feature","properties":{"value":100.0,"pixel_id":"305:9653"},"geometry":{"type":"Polygon","coordinates":[[[37.2452450177714,-3.13790718535588],[37.245260082044105,-3.128864414072394],[37.254255929421774,-3.1288794962909647],[37.25424094228168,-3.137922311247434],[37.2452450177714,-3.13790718535588]]]}},{"type":"Feature","properties":{"value":99.37,"pixel_id":"305:9654"},"geometry":{"type":"Polygon","coordinates":[[[37.245260082044105,-3.128864414072394],[37.2452751026279,-3.1198216411545254],[37.254270873096644,-3.1198366797008283],[37.254255929421774,-3.1288794962909647],[37.245260082044105,-3.128864414072394]]]}},{"type":"Feature","properties":{"value":100.0,"pixel_id":"305:9655"},"geometry":{"type":"Polygon","coordinates":[[[37.2452751026279,-3.1198216411545254],[37.24529007952463,-3.110778866606981],[37.25428577330813,-3.1107938614817314],[37.254270873096644,-3.1198366797008283],[37.2452751026279,-3.1198216411545254]]]}},{"type":"Feature","properties":{"value":99.84,"pixel_id":"305:9661"},"geometry":{"type":"Polygon","coordinates":[[[37.24536430876693,-3.065564969588889],[37.24537902357996,-3.0565221853621485],[37.254374261948904,-3.0565369182224416],[37.2543596224792,-3.0655797461164993],[37.24536430876693,-3.065564969588889]]]}},{"type":"Feature","properties":{"value":100.0,"pixel_id":"305:9662"},"geometry":{"type":"Polygon","coordinates":[[[37.24537902357996,-3.0565221853621485],[37.24539369471874,-3.047479399538685],[37.25438885796799,-3.0474940887323596],[37.254374261948904,-3.0565369182224416],[37.24537902357996,-3.0565221853621485]]]}},{"type":"Feature","properties":{"value":94.2,"pixel_id":"305:9663"},"geometry":{"type":"Polygon","coordinates":[[[37.24539369471874,-3.047479399538685],[37.24540832218511,-3.038436612123206],[37.254403410538266,-3.038451257650961],[37.25438885796799,-3.0474940887323596],[37.24539369471874,-3.047479399538685]]]}},{"type":"Feature","properties":{"value":99.64,"pixel_id":"305:9664"},"geometry":{"type":"Polygon","coordinates":[[[37.24540832218511,-3.038436612123206],[37.245422905980874,-3.029393823120422],[37.25441791966154,-3.0294084249829503],[37.254403410538266,-3.038451257650961],[37.24540832218511,-3.038436612123206]]]}},{"type":"Feature","properties":{"value":100.0,"pixel_id":"305:9665"},"geometry":{"type":"Polygon","coordinates":[[[37.245422905980874,-3.029393823120422],[37.24543744610782,-3.020351032535039],[37.25443238533959,-3.0203655907330345],[37.25441791966154,-3.0294084249829503],[37.245422905980874,-3.029393823120422]]]}},{"type":"Feature","properties":{"value":99.71,"pixel_id":"305:9666"},"geometry":{"type":"Polygon","coordinates":[[[37.24543744610782,-3.020351032535039],[37.245451942567755,-3.0113082403717666],[37.254446807574205,-3.0113227549059194],[37.25443238533959,-3.0203655907330345],[37.24543744610782,-3.020351032535039]]]}},{"type":"Feature","properties":{"value":96.44,"pixel_id":"305:9667"},"geometry":{"type":"Polygon","coordinates":[[[37.24696736455769,-3.002267866571686],[37.254461186367166,-3.0022799175063124],[37.254446807574205,-3.0113227549059194],[37.245451942567755,-3.0113082403717666],[37.24546141123997,-3.0053869895512073],[37.24696736455769,-3.002267866571686]]]}},{"type":"Feature","properties":{"value":100.0,"pixel_id":"305:9668"},"geometry":{"type":"Polygon","coordinates":[[[37.247521007799484,-3.0011211551161647],[37.25084420661546,-2.9945870887891957],[37.25223556162439,-2.9932334926538195],[37.254475521720245,-2.9932370785389195],[37.254461186367166,-3.0022799175063124],[37.24696736455769,-3.002267866571686],[37.247521007799484,-3.0011211551161647]]]}},{"type":"Feature","properties":{"value":100.0,"pixel_id":"305:9669"},"geometry":{"type":"Polygon","coordinates":[[[37.254478980821034,-2.9910509409062542],[37.254475521720245,-2.9932370785389195],[37.25223556162439,-2.9932334926538195],[37.254478980821034,-2.9910509409062542]]]}},{"type":"Feature","properties":{"value":31.01,"pixel_id":"306:9613"},"geometry":{"type":"Polygon","coordinates":[[[37.25988467376843,-3.498323057121131],[37.25810368915751,-3.497551047203682],[37.2572319056153,-3.4977570239346276],[37.25603103415023,-3.4974696586344725],[37.25499233195012,-3.4968282895592],[37.254399931647825,-3.4961457964789635],[37.25425056517224,-3.4959888205079803],[37.254101018135344,-3.4958322055760127],[37.254079533128696,-3.4958105831577297],[37.25407951246743,-3.4958105632991057],[37.25379636079492,-3.4955256029953365],[37.253613579760355,-3.4954271323744304],[37.253622520674355,-3.490590770152941],[37.26262167148649,-3.4906075134767316],[37.26260797741519,-3.4980505389830387],[37.25988467376843,-3.498323057121131]]]}},{"type":"Feature","properties":{"value":30.11,"pixel_id":"306:9614"},"geometry":{"type":"Polygon","coordinates":[[[37.253622520674355,-3.490590770152941],[37.253639204454764,-3.481548022577646],[37.262638269400426,-3.4815647224232595],[37.26262167148649,-3.4906075134767316],[37.253622520674355,-3.490590770152941]]]}},{"type":"Feature","properties":{"value":28.9,"pixel_id":"306:9615"},"geometry":{"type":"Polygon","coordinates":[[[37.253639204454764,-3.481548022577646],[37.253655844693775,-3.472505273185312],[37.26265482399706,-3.4725219295535426],[37.262638269400426,-3.4815647224232595],[37.253639204454764,-3.481548022577646]]]}},{"type":"Feature","properties":{"value":20.33,"pixel_id":"306:9616"},"geometry":{"type":"Polygon","coordinates":[[[37.253655844693775,-3.472505273185312],[37.25367244139345,-3.4634625219806408],[37.262671335278434,-3.463479134872278],[37.26265482399706,-3.4725219295535426],[37.253655844693775,-3.472505273185312]]]}},{"type":"Feature","properties":{"value":7.59,"pixel_id":"306:9617"},"geometry":{"type":"Polygon","coordinates":[[[37.25367244139345,-3.4634625219806408],[37.25368899455584,-3.4544197689683287],[37.262687803246585,-3.4544363383841623],[37.262671335278434,-3.463479134872278],[37.25367244139345,-3.4634625219806408]]]}},{"type":"Feature","properties":{"value":8.64,"pixel_id":"306:9618"},"geometry":{"type":"Polygon","coordinates":[[[37.25368899455584,-3.4544197689683287],[37.253705504182975,-3.4453770141530775],[37.262704227903555,-3.4453935400938938],[37.262687803246585,-3.4544363383841623],[37.25368899455584,-3.4544197689683287]]]}},{"type":"Feature","properties":{"value":10.61,"pixel_id":"306:9619"},"geometry":{"type":"Polygon","coordinates":[[[37.253705504182975,-3.4453770141530775],[37.253721970276914,-3.436334257539584],[37.26272060925137,-3.4363507400061684],[37.262704227903555,-3.4453935400938938],[37.253705504182975,-3.4453770141530775]]]}},{"type":"Feature","properties":{"value":13.59,"pixel_id":"306:9620"},"geometry":{"type":"Polygon","coordinates":[[[37.253721970276914,-3.436334257539584],[37.25373839283968,-3.4272914991325485],[37.262736947292055,-3.427307938125683],[37.26272060925137,-3.4363507400061684],[37.253721970276914,-3.436334257539584]]]}},{"type":"Feature","properties":{"value":48.88,"pixel_id":"306:9621"},"geometry":{"type":"Polygon","coordinates":[[[37.25373839283968,-3.4272914991325485],[37.25375477187331,-3.4182487389366716],[37.26275324202763,-3.4182651344571378],[37.262736947292055,-3.427307938125683],[37.25373839283968,-3.4272914991325485]]]}},{"type":"Feature","properties":{"value":37.62,"pixel_id":"306:9622"},"geometry":{"type":"Polygon","coordinates":[[[37.25375477187331,-3.4182487389366716],[37.25377110737982,-3.409205976956652],[37.262769493460105,-3.4092223290052264],[37.26275324202763,-3.4182651344571378],[37.25375477187331,-3.4182487389366716]]]}},{"type":"Feature","properties":{"value":22.66,"pixel_id":"306:9623"},"geometry":{"type":"Polygon","coordinates":[[[37.25377110737982,-3.409205976956652],[37.25378739936123,-3.4001632131971906],[37.2627857015915,-3.400179521774651],[37.262769493460105,-3.4092223290052264],[37.25377110737982,-3.409205976956652]]]}},{"type":"Feature","properties":{"value":9.54,"pixel_id":"306:9624"},"geometry":{"type":"Polygon","coordinates":[[[37.25378739936123,-3.4001632131971906],[37.25380364781955,-3.391120447662988],[37.26280186642379,-3.391136712770107],[37.2627857015915,-3.400179521774651],[37.25378739936123,-3.4001632131971906]]]}},{"type":"Feature","properties":{"value":36.75,"pixel_id":"306:9625"},"geometry":{"type":"Polygon","coordinates":[[[37.25380364781955,-3.391120447662988],[37.253819852756806,-3.3820776803587416],[37.262817987959,-3.3820939019962926],[37.26280186642379,-3.391136712770107],[37.25380364781955,-3.391120447662988]]]}},{"type":"Feature","properties":{"value":34.76,"pixel_id":"306:9626"},"geometry":{"type":"Polygon","coordinates":[[[37.253819852756806,-3.3820776803587416],[37.25383601417498,-3.3730349112891553],[37.262834066199105,-3.373051089457908],[37.262817987959,-3.3820939019962926],[37.253819852756806,-3.3820776803587416]]]}},{"type":"Feature","properties":{"value":22.69,"pixel_id":"306:9627"},"geometry":{"type":"Polygon","coordinates":[[[37.25383601417498,-3.3730349112891553],[37.25385213207607,-3.3639921404589277],[37.2628501011461,-3.3640082751596503],[37.262834066199105,-3.373051089457908],[37.25383601417498,-3.3730349112891553]]]}},{"type":"Feature","properties":{"value":0.59,"pixel_id":"306:9628"},"geometry":{"type":"Polygon","coordinates":[[[37.25385213207607,-3.3639921404589277],[37.25386820646207,-3.3549493678727598],[37.262866092801964,-3.354965459106219],[37.2628501011461,-3.3640082751596503],[37.25385213207607,-3.3639921404589277]]]}},{"type":"Feature","properties":{"value":0.27,"pixel_id":"306:9629"},"geometry":{"type":"Polygon","coordinates":[[[37.25386820646207,-3.3549493678727598],[37.25388423733498,-3.345906593535353],[37.26288204116867,-3.345922641302311],[37.262866092801964,-3.354965459106219],[37.25386820646207,-3.3549493678727598]]]}},{"type":"Feature","properties":{"value":0.54,"pixel_id":"306:9630"},"geometry":{"type":"Polygon","coordinates":[[[37.25388423733498,-3.345906593535353],[37.253900224696764,-3.3368638174514085],[37.262897946248195,-3.3368798217526288],[37.26288204116867,-3.345922641302311],[37.25388423733498,-3.345906593535353]]]}},{"type":"Feature","properties":{"value":3.14,"pixel_id":"306:9631"},"geometry":{"type":"Polygon","coordinates":[[[37.253900224696764,-3.3368638174514085],[37.253916168549395,-3.327821039625627],[37.2629138080425,-3.327837000461868],[37.262897946248195,-3.3368798217526288],[37.253900224696764,-3.3368638174514085]]]}},{"type":"Feature","properties":{"value":32.45,"pixel_id":"306:9632"},"geometry":{"type":"Polygon","coordinates":[[[37.253916168549395,-3.327821039625627],[37.25393206889485,-3.3187782600627105],[37.26292962655353,-3.31879417743473],[37.2629138080425,-3.327837000461868],[37.253916168549395,-3.327821039625627]]]}},{"type":"Feature","properties":{"value":79.28,"pixel_id":"306:9633"},"geometry":{"type":"Polygon","coordinates":[[[37.25853898669302,-3.31139851541645],[37.25857253068406,-3.3126596421034815],[37.257814850250945,-3.3135961556783045],[37.25833343329141,-3.3151049888392548],[37.258618281881475,-3.3151138285055053],[37.259426393734664,-3.3148531634978013],[37.26062887587904,-3.3145267954040802],[37.2627842549442,-3.3139209982885993],[37.26293820842395,-3.313877875143585],[37.26292962655353,-3.31879417743473],[37.25393206889485,-3.3187782600627105],[37.25394792573509,-3.3097354787673603],[37.258926371058706,-3.3097442721829005],[37.25853898669302,-3.31139851541645]]]}},{"type":"Feature","properties":{"value":90.04,"pixel_id":"306:9634"},"geometry":{"type":"Polygon","coordinates":[[[37.257718378375955,-3.301171768886819],[37.257433001576466,-3.301927780741102],[37.257469366277505,-3.3028007342132204],[37.25776190444638,-3.302824022255131],[37.25804793162614,-3.302846784839437],[37.2581631342731,-3.3028559550585443],[37.25824760465591,-3.302862678561704],[37.2584698945696,-3.302880370755296],[37.25809423618575,-3.304853701095401],[37.25883887308096,-3.3063104563587578],[37.25943015228581,-3.3077408410302307],[37.258981353071555,-3.309509482104338],[37.258926371058706,-3.3097442721829005],[37.25394792573509,-3.3097354787673603],[37.25396373907208,-3.300692695744277],[37.25720021105463,-3.300698399563264],[37.257718378375955,-3.301171768886819]]]}},{"type":"Feature","properties":{"value":47.38,"pixel_id":"306:9635"},"geometry":{"type":"Polygon","coordinates":[[[37.25406595329654,-3.296692491220665],[37.25432301609654,-3.2971665015093503],[37.2540965023044,-3.2973037693799876],[37.254120409169055,-3.297407960337872],[37.254144669071636,-3.297513687939037],[37.254193423337036,-3.297726177775541],[37.25426018792558,-3.2979753432085066],[37.25432707468501,-3.2982249618096557],[37.25458408358611,-3.298001989973287],[37.25463602956573,-3.2976454176669496],[37.25518606352262,-3.2973223022293907],[37.255189648698895,-3.29732023198906],[37.2551900825852,-3.2973199791904113],[37.25548192006818,-3.297151432901895],[37.25548211140932,-3.297151530409978],[37.25574085585556,-3.2972828177888185],[37.25631084947976,-3.2975732888175555],[37.256042393347,-3.2985078097867366],[37.25639770399132,-3.30011662071074],[37.25713127004896,-3.3006354187946108],[37.25720021105463,-3.300698399563264],[37.25396373907208,-3.300692695744277],[37.25397080128142,-3.2966461470925728],[37.25406595329654,-3.296692491220665]]]}},{"type":"Feature","properties":{"value":92.23,"pixel_id":"306:9637"},"geometry":{"type":"Polygon","coordinates":[[[37.25409277160102,-3.2757301962044627],[37.254264834910536,-3.2764053393540227],[37.254006196153135,-3.2762896606664924],[37.25400737859988,-3.2756074098573533],[37.25409277160102,-3.2757301962044627]]]}},{"type":"Feature","properties":{"value":43.87,"pixel_id":"306:9638"},"geometry":{"type":"Polygon","coordinates":[[[37.25730651968278,-3.264660180120042],[37.25726234053713,-3.265191521639246],[37.257251215800636,-3.265324856493763],[37.25724692724346,-3.2654061013880598],[37.257230924655,-3.2657094252920453],[37.25730174334041,-3.2663803172952233],[37.257301758611796,-3.2663804942598356],[37.2573442713826,-3.267258082110747],[37.25712444644608,-3.2683984376462676],[37.25696843962391,-3.2689473769670663],[37.25727335927239,-3.2696131727407822],[37.2566989683949,-3.2701868971721666],[37.255925255728876,-3.27081105595872],[37.25518051552741,-3.271205414319022],[37.254427719234506,-3.2717915297961073],[37.254309067056816,-3.2725889429723067],[37.25415345818837,-3.272935911442875],[37.25401145806092,-3.273252535586161],[37.25402655742646,-3.264521546468664],[37.257310614526865,-3.2645272707191633],[37.25730651968278,-3.264660180120042]]]}},{"type":"Feature","properties":{"value":86.64,"pixel_id":"306:9639"},"geometry":{"type":"Polygon","coordinates":[[[37.25901787048616,-3.2558066881138212],[37.25881398615434,-3.256217832650025],[37.258576030520395,-3.2566976805851566],[37.259426357802035,-3.2569849573931546],[37.26032670058377,-3.2569266695743258],[37.26085190600451,-3.257900920894294],[37.2611686977878,-3.258308946891694],[37.26069667353015,-3.2595347935362997],[37.260376728660255,-3.2603656955944142],[37.259017896537316,-3.262780468784149],[37.25843526361706,-3.2636335682150057],[37.25779723518652,-3.263431349458142],[37.25733097451976,-3.2638664262631525],[37.257310614526865,-3.2645272707191633],[37.25402655742646,-3.264521546468664],[37.25404215327636,-3.2554787548774504],[37.25938719383639,-3.2554880402442645],[37.25901787048616,-3.2558066881138212]]]}},{"type":"Feature","properties":{"value":98.32,"pixel_id":"306:9640"},"geometry":{"type":"Polygon","coordinates":[[[37.262275680034286,-3.2465671444045223],[37.261745823137005,-3.246621191915433],[37.26126202196602,-3.2471094378188745],[37.26103440055112,-3.247553961563745],[37.261024929613086,-3.248505530457941],[37.26166114434505,-3.2499622623168087],[37.26151047261742,-3.251372142667138],[37.26127913397386,-3.252320344634548],[37.26119706299118,-3.2525647397957123],[37.26119681864943,-3.252565453081331],[37.26099746901315,-3.253146753610547],[37.26096875526343,-3.2531922919042455],[37.260217990061356,-3.254044059679739],[37.26021423420513,-3.2546593586200916],[37.25982778346149,-3.2551079040808704],[37.25938719383639,-3.2554880402442645],[37.25404215327636,-3.2554787548774504],[37.25405770563464,-3.2464359615867195],[37.26235839896661,-3.2464503292968123],[37.262275680034286,-3.2465671444045223]]]}},{"type":"Feature","properties":{"value":49.09,"pixel_id":"306:9641"},"geometry":{"type":"Polygon","coordinates":[[[37.261049535367015,-3.238099962519286],[37.26128570784512,-3.238735174052272],[37.26150307319442,-3.2393198206860583],[37.26171737079701,-3.2397894008004395],[37.26167361835111,-3.240266697817446],[37.26220152051434,-3.2408205861360315],[37.26261570943731,-3.241326458649688],[37.263031616837445,-3.242424765969378],[37.26306118777127,-3.2426033671013412],[37.26305787879195,-3.244541745314955],[37.26267154691877,-3.2450893420232862],[37.26251295833848,-3.2462023669681708],[37.262507661871595,-3.246239541123783],[37.26235839896661,-3.2464503292968123],[37.25405770563464,-3.2464359615867195],[37.25407321450323,-3.2373931666011715],[37.26052666247279,-3.23740431173096],[37.261049535367015,-3.238099962519286]]]}},{"type":"Feature","properties":{"value":42.87,"pixel_id":"306:9642"},"geometry":{"type":"Polygon","coordinates":[[[37.26012627835905,-3.2287234389363175],[37.25953320432026,-3.2299296609936703],[37.259232246242206,-3.2304086141435575],[37.259989075970736,-3.2312445958794567],[37.2602125920848,-3.231771523728392],[37.26010179836922,-3.231949116572694],[37.26010091891856,-3.2319505260180583],[37.259978288102495,-3.232134286620346],[37.25989743343874,-3.232259472608407],[37.2598428904296,-3.232824377266007],[37.26025373492483,-3.2334715168884993],[37.260293586885766,-3.2336578532146434],[37.26009195552866,-3.2339600906564634],[37.259853718722056,-3.2344117442119504],[37.259496166781105,-3.234330877816686],[37.259430500832146,-3.234374399869092],[37.25926828395645,-3.2344819093165973],[37.259017532719625,-3.234638375405556],[37.258828447233775,-3.234748047292521],[37.25929856436805,-3.235179828369767],[37.25953657390089,-3.235398431627795],[37.2600005043378,-3.2357704335695923],[37.26054907404075,-3.2359467905257624],[37.26059951534228,-3.236155976285211],[37.25996697741478,-3.236315193272661],[37.25969110029943,-3.236684700139833],[37.26030517335629,-3.237109633635728],[37.26052666247279,-3.23740431173096],[37.25407321450323,-3.2373931666011715],[37.254088679884035,-3.2283503699255114],[37.25991082643705,-3.228360398556613],[37.26012627835905,-3.2287234389363175]]]}},{"type":"Feature","properties":{"value":51.63,"pixel_id":"306:9643"},"geometry":{"type":"Polygon","coordinates":[[[37.26208884842149,-3.2193887684160885],[37.26160554132391,-3.219953094325118],[37.261299222100256,-3.2203106913577892],[37.26126162131741,-3.220354667285718],[37.26111177963307,-3.220610874160125],[37.26103823905231,-3.2207374593096256],[37.260963619594925,-3.220865326592145],[37.26091450959666,-3.220949598991411],[37.26089891304669,-3.220976208997947],[37.26082767394974,-3.221098291231285],[37.260763920513995,-3.2212075384205234],[37.260742384303384,-3.221298812043909],[37.26072414850311,-3.221376095795461],[37.26070832917096,-3.221443133190101],[37.26067529632135,-3.221583183498394],[37.26061669382547,-3.2218314958216143],[37.2605580976178,-3.2220798315594315],[37.26051430295107,-3.2222654314138417],[37.260514167305445,-3.222266009282998],[37.26050621002869,-3.222299859774458],[37.260497546676085,-3.222336448822712],[37.260481730038855,-3.222403477124042],[37.26045065821152,-3.2225351743825392],[37.26033343076189,-3.2234662039914643],[37.25972403253775,-3.224058407038744],[37.25973344957686,-3.224965385107657],[37.259807451891646,-3.2256063303731537],[37.259942112946014,-3.226155225547057],[37.25981166678696,-3.227054608194732],[37.25973585885847,-3.2274961603325454],[37.25965990450455,-3.227937590382338],[37.25991082643705,-3.228360398556613],[37.254088679884035,-3.2283503699255114],[37.25410410177898,-3.219307571564441],[37.26218796040791,-3.2193214480220993],[37.26208884842149,-3.2193887684160885]]]}},{"type":"Feature","properties":{"value":45.14,"pixel_id":"306:9644"},"geometry":{"type":"Polygon","coordinates":[[[37.26233510269202,-3.219221503694016],[37.26218796040791,-3.2193214480220993],[37.25410410177898,-3.219307571564441],[37.25411948018994,-3.210264771522663],[37.263116073297425,-3.2102801673823658],[37.26310182824233,-3.2187007259594016],[37.26233510269202,-3.219221503694016]]]}},{"type":"Feature","properties":{"value":77.18,"pixel_id":"306:9645"},"geometry":{"type":"Polygon","coordinates":[[[37.25411948018994,-3.210264771522663],[37.254134815118846,-3.201221969804882],[37.263131329301906,-3.2012373222100234],[37.263116073297425,-3.2102801673823658],[37.25411948018994,-3.210264771522663]]]}},{"type":"Feature","properties":{"value":94.6,"pixel_id":"306:9646"},"geometry":{"type":"Polygon","coordinates":[[[37.254134815118846,-3.201221969804882],[37.25415010656758,-3.192179166415802],[37.26314654205,-3.1921944753671108],[37.263131329301906,-3.2012373222100234],[37.254134815118846,-3.201221969804882]]]}},{"type":"Feature","properties":{"value":97.0,"pixel_id":"306:9647"},"geometry":{"type":"Polygon","coordinates":[[[37.25415010656758,-3.192179166415802],[37.254165354538024,-3.1831363613601247],[37.26316171154357,-3.1831516268583266],[37.26314654205,-3.1921944753671108],[37.25415010656758,-3.192179166415802]]]}},{"type":"Feature","properties":{"value":100.0,"pixel_id":"306:9648"},"geometry":{"type":"Polygon","coordinates":[[[37.254165354538024,-3.1831363613601247],[37.25418055903207,-3.1740935546425546],[37.2631768377845,-3.174108776688376],[37.26316171154357,-3.1831516268583266],[37.254165354538024,-3.1831363613601247]]]}},{"type":"Feature","properties":{"value":100.0,"pixel_id":"306:9649"},"geometry":{"type":"Polygon","coordinates":[[[37.25418055903207,-3.1740935546425546],[37.254195720051584,-3.165050746267797],[37.26319192077465,-3.1650659248619575],[37.2631768377845,-3.174108776688376],[37.25418055903207,-3.1740935546425546]]]}},{"type":"Feature","properties":{"value":100.0,"pixel_id":"306:9650"},"geometry":{"type":"Polygon","coordinates":[[[37.254195720051584,-3.165050746267797],[37.25421083759846,-3.156007936240554],[37.26320696051589,-3.156023071383777],[37.26319192077465,-3.1650659248619575],[37.254195720051584,-3.165050746267797]]]}},{"type":"Feature","properties":{"value":100.0,"pixel_id":"306:9651"},"geometry":{"type":"Polygon","coordinates":[[[37.25421083759846,-3.156007936240554],[37.25422591167453,-3.1469651245655323],[37.26322195701007,-3.146980216258533],[37.26320696051589,-3.156023071383777],[37.25421083759846,-3.156007936240554]]]}},{"type":"Feature","properties":{"value":100.0,"pixel_id":"306:9652"},"geometry":{"type":"Polygon","coordinates":[[[37.25422591167453,-3.1469651245655323],[37.25424094228168,-3.137922311247434],[37.263236910259046,-3.1379373594909294],[37.26322195701007,-3.146980216258533],[37.25422591167453,-3.1469651245655323]]]}},{"type":"Feature","properties":{"value":100.0,"pixel_id":"306:9653"},"geometry":{"type":"Polygon","coordinates":[[[37.25424094228168,-3.137922311247434],[37.254255929421774,-3.1288794962909647],[37.263251820264664,-3.1288945010856692],[37.263236910259046,-3.1379373594909294],[37.25424094228168,-3.137922311247434]]]}},{"type":"Feature","properties":{"value":96.34,"pixel_id":"306:9654"},"geometry":{"type":"Polygon","coordinates":[[[37.254255929421774,-3.1288794962909647],[37.254270873096644,-3.1198366797008283],[37.26326668702876,-3.119851641047454],[37.263251820264664,-3.1288945010856692],[37.254255929421774,-3.1288794962909647]]]}},{"type":"Feature","properties":{"value":100.0,"pixel_id":"306:9655"},"geometry":{"type":"Polygon","coordinates":[[[37.254270873096644,-3.1198366797008283],[37.25428577330813,-3.1107938614817314],[37.26328151055318,-3.1108087793809878],[37.26326668702876,-3.119851641047454],[37.254270873096644,-3.1198366797008283]]]}},{"type":"Feature","properties":{"value":100.0,"pixel_id":"306:9661"},"geometry":{"type":"Polygon","coordinates":[[[37.2543596224792,-3.0655797461164993],[37.254374261948904,-3.0565369182224416],[37.26336954376846,-3.0565515754522736],[37.26335497964389,-3.0655944467894853],[37.2543596224792,-3.0655797461164993]]]}},{"type":"Feature","properties":{"value":99.64,"pixel_id":"306:9662"},"geometry":{"type":"Polygon","coordinates":[[[37.254374261948904,-3.0565369182224416],[37.25438885796799,-3.0474940887323596],[37.26338406466604,-3.0475087025197345],[37.26336954376846,-3.0565515754522736],[37.254374261948904,-3.0565369182224416]]]}},{"type":"Feature","properties":{"value":99.91,"pixel_id":"306:9663"},"geometry":{"type":"Polygon","coordinates":[[[37.25438885796799,-3.0474940887323596],[37.254403410538266,-3.038451257650961],[37.26339854233843,-3.0384658279965704],[37.26338406466604,-3.0475087025197345],[37.25438885796799,-3.0474940887323596]]]}},{"type":"Feature","properties":{"value":100.0,"pixel_id":"306:9664"},"geometry":{"type":"Polygon","coordinates":[[[37.254403410538266,-3.038451257650961],[37.25441791966154,-3.0294084249829503],[37.26341297678742,-3.0294229518874864],[37.26339854233843,-3.0384658279965704],[37.254403410538266,-3.038451257650961]]]}},{"type":"Feature","properties":{"value":99.46,"pixel_id":"306:9665"},"geometry":{"type":"Polygon","coordinates":[[[37.25441791966154,-3.0294084249829503],[37.25443238533959,-3.0203655907330345],[37.26342736801479,-3.020380074197186],[37.26341297678742,-3.0294229518874864],[37.25441791966154,-3.0294084249829503]]]}},{"type":"Feature","properties":{"value":99.73,"pixel_id":"306:9666"},"geometry":{"type":"Polygon","coordinates":[[[37.25443238533959,-3.0203655907330345],[37.254446807574205,-3.0113227549059194],[37.26344171602231,-3.0113371949303733],[37.26342736801479,-3.020380074197186],[37.25443238533959,-3.0203655907330345]]]}},{"type":"Feature","properties":{"value":96.25,"pixel_id":"306:9667"},"geometry":{"type":"Polygon","coordinates":[[[37.254446807574205,-3.0113227549059194],[37.254461186367166,-3.0022799175063124],[37.26345602081175,-3.002294314091754],[37.26344171602231,-3.0113371949303733],[37.254446807574205,-3.0113227549059194]]]}},{"type":"Feature","properties":{"value":92.12,"pixel_id":"306:9668"},"geometry":{"type":"Polygon","coordinates":[[[37.254461186367166,-3.0022799175063124],[37.254475521720245,-2.9932370785389195],[37.26347028238489,-2.9932514316860317],[37.26345602081175,-3.002294314091754],[37.254461186367166,-3.0022799175063124]]]}},{"type":"Feature","properties":{"value":100.0,"pixel_id":"306:9669"},"geometry":{"type":"Polygon","coordinates":[[[37.25492595992537,-2.9906160868412566],[37.25752672370838,-2.9861396689989714],[37.259256906229474,-2.9842018312139302],[37.26348450074348,-2.984208547717911],[37.26347028238489,-2.9932514316860317],[37.254475521720245,-2.9932370785389195],[37.254478980821034,-2.9910509409062542],[37.25492595992537,-2.9906160868412566]]]}},{"type":"Feature","properties":{"value":100.0,"pixel_id":"306:9670"},"geometry":{"type":"Polygon","coordinates":[[[37.26171684258761,-2.981446631651755],[37.26349270479455,-2.978978220726942],[37.26348450074348,-2.984208547717911],[37.259256906229474,-2.9842018312139302],[37.26171684258761,-2.981446631651755]]]}},{"type":"Feature","properties":{"value":52.41,"pixel_id":"307:9613"},"geometry":{"type":"Polygon","coordinates":[[[37.27158468057514,-3.4941163855896074],[37.27075994629593,-3.494438750982976],[37.26953370730557,-3.4939300681151333],[37.26914993533808,-3.4940868169634225],[37.26903224525608,-3.4950613941247917],[37.26854954272467,-3.4955657201124226],[37.267080365145496,-3.495698375670657],[37.2661647015966,-3.496338194752861],[37.2646127218061,-3.4963419200459454],[37.26398184755849,-3.4966966767390555],[37.26354800978526,-3.497956468956671],[37.26260797741519,-3.4980505389830387],[37.26262167148649,-3.4906075134767316],[37.27162086561798,-3.4906241704039402],[37.27161447854312,-3.4941157407571115],[37.27158468057514,-3.4941163855896074]]]}},{"type":"Feature","properties":{"value":70.23,"pixel_id":"307:9614"},"geometry":{"type":"Polygon","coordinates":[[[37.26262167148649,-3.4906075134767316],[37.262638269400426,-3.4815647224232595],[37.271637377663396,-3.48158133609664],[37.27162086561798,-3.4906241704039402],[37.26262167148649,-3.4906075134767316]]]}},{"type":"Feature","properties":{"value":27.68,"pixel_id":"307:9615"},"geometry":{"type":"Polygon","coordinates":[[[37.262638269400426,-3.4815647224232595],[37.26265482399706,-3.4725219295535426],[37.2716538466156,-3.4725384999738846],[37.271637377663396,-3.48158133609664],[37.262638269400426,-3.4815647224232595]]]}},{"type":"Feature","properties":{"value":0.69,"pixel_id":"307:9616"},"geometry":{"type":"Polygon","coordinates":[[[37.26265482399706,-3.4725219295535426],[37.262671335278434,-3.463479134872278],[37.27167027247663,-3.4634956620403683],[37.2716538466156,-3.4725384999738846],[37.26265482399706,-3.4725219295535426]]]}},{"type":"Feature","properties":{"value":3.11,"pixel_id":"307:9617"},"geometry":{"type":"Polygon","coordinates":[[[37.262671335278434,-3.463479134872278],[37.262687803246585,-3.4544363383841623],[37.271686655248516,-3.4544528223007847],[37.27167027247663,-3.4634956620403683],[37.262671335278434,-3.463479134872278]]]}},{"type":"Feature","properties":{"value":27.86,"pixel_id":"307:9618"},"geometry":{"type":"Polygon","coordinates":[[[37.262687803246585,-3.4544363383841623],[37.262704227903555,-3.4453935400938938],[37.271702994933285,-3.4454099807598313],[37.271686655248516,-3.4544528223007847],[37.262687803246585,-3.4544363383841623]]]}},{"type":"Feature","properties":{"value":6.22,"pixel_id":"307:9619"},"geometry":{"type":"Polygon","coordinates":[[[37.262704227903555,-3.4453935400938938],[37.26272060925137,-3.4363507400061684],[37.27171929153295,-3.4363671374222022],[37.271702994933285,-3.4454099807598313],[37.262704227903555,-3.4453935400938938]]]}},{"type":"Feature","properties":{"value":5.96,"pixel_id":"307:9620"},"geometry":{"type":"Polygon","coordinates":[[[37.26272060925137,-3.4363507400061684],[37.262736947292055,-3.427307938125683],[37.271735545049545,-3.427324292292591],[37.27171929153295,-3.4363671374222022],[37.26272060925137,-3.4363507400061684]]]}},{"type":"Feature","properties":{"value":28.36,"pixel_id":"307:9621"},"geometry":{"type":"Polygon","coordinates":[[[37.262736947292055,-3.427307938125683],[37.26275324202763,-3.4182651344571378],[37.271751755485056,-3.418281445375696],[37.271735545049545,-3.427324292292591],[37.262736947292055,-3.427307938125683]]]}},{"type":"Feature","properties":{"value":34.28,"pixel_id":"307:9622"},"geometry":{"type":"Polygon","coordinates":[[[37.26275324202763,-3.4182651344571378],[37.262769493460105,-3.4092223290052264],[37.271767922841484,-3.4092385966762104],[37.271751755485056,-3.418281445375696],[37.26275324202763,-3.4182651344571378]]]}},{"type":"Feature","properties":{"value":21.44,"pixel_id":"307:9623"},"geometry":{"type":"Polygon","coordinates":[[[37.262769493460105,-3.4092223290052264],[37.2627857015915,-3.400179521774651],[37.271784047120846,-3.4001957461988317],[37.271767922841484,-3.4092385966762104],[37.262769493460105,-3.4092223290052264]]]}},{"type":"Feature","properties":{"value":58.49,"pixel_id":"307:9624"},"geometry":{"type":"Polygon","coordinates":[[[37.2627857015915,-3.400179521774651],[37.26280186642379,-3.391136712770107],[37.27180012832511,-3.391152893948256],[37.271784047120846,-3.4001957461988317],[37.2627857015915,-3.400179521774651]]]}},{"type":"Feature","properties":{"value":33.14,"pixel_id":"307:9625"},"geometry":{"type":"Polygon","coordinates":[[[37.26280186642379,-3.391136712770107],[37.262817987959,-3.3820939019962926],[37.27181616645628,-3.382110039929179],[37.27180012832511,-3.391152893948256],[37.26280186642379,-3.391136712770107]]]}},{"type":"Feature","properties":{"value":4.41,"pixel_id":"307:9626"},"geometry":{"type":"Polygon","coordinates":[[[37.262817987959,-3.3820939019962926],[37.262834066199105,-3.373051089457908],[37.27183216151634,-3.3730671841462954],[37.27181616645628,-3.382110039929179],[37.262817987959,-3.3820939019962926]]]}},{"type":"Feature","properties":{"value":5.04,"pixel_id":"307:9627"},"geometry":{"type":"Polygon","coordinates":[[[37.262834066199105,-3.373051089457908],[37.2628501011461,-3.3640082751596503],[37.27184811350726,-3.364024326604304],[37.27183216151634,-3.3730671841462954],[37.262834066199105,-3.373051089457908]]]}},{"type":"Feature","properties":{"value":4.73,"pixel_id":"307:9628"},"geometry":{"type":"Polygon","coordinates":[[[37.2628501011461,-3.3640082751596503],[37.262866092801964,-3.354965459106219],[37.271864022431004,-3.3549814673079013],[37.27184811350726,-3.364024326604304],[37.2628501011461,-3.3640082751596503]]]}},{"type":"Feature","properties":{"value":9.52,"pixel_id":"307:9629"},"geometry":{"type":"Polygon","coordinates":[[[37.262866092801964,-3.354965459106219],[37.26288204116867,-3.345922641302311],[37.271879888289554,-3.345938606261782],[37.271864022431004,-3.3549814673079013],[37.262866092801964,-3.354965459106219]]]}},{"type":"Feature","properties":{"value":10.6,"pixel_id":"307:9630"},"geometry":{"type":"Polygon","coordinates":[[[37.26288204116867,-3.345922641302311],[37.262897946248195,-3.3368798217526288],[37.271895711084845,-3.3368957434706448],[37.271879888289554,-3.345938606261782],[37.26288204116867,-3.345922641302311]]]}},{"type":"Feature","properties":{"value":10.53,"pixel_id":"307:9631"},"geometry":{"type":"Polygon","coordinates":[[[37.262897946248195,-3.3368798217526288],[37.2629138080425,-3.327837000461868],[37.27191149081885,-3.327852878939186],[37.271895711084845,-3.3368957434706448],[37.262897946248195,-3.3368798217526288]]]}},{"type":"Feature","properties":{"value":19.25,"pixel_id":"307:9632"},"geometry":{"type":"Polygon","coordinates":[[[37.2629138080425,-3.327837000461868],[37.26292962655353,-3.31879417743473],[37.27192722749352,-3.318810012672104],[37.27191149081885,-3.327852878939186],[37.2629138080425,-3.327837000461868]]]}},{"type":"Feature","properties":{"value":32.96,"pixel_id":"307:9633"},"geometry":{"type":"Polygon","coordinates":[[[37.2655917498202,-3.3131345998647137],[37.266916486386535,-3.3129760353656708],[37.26881661365527,-3.313131406527722],[37.26999128306013,-3.313372772037958],[37.27108766608464,-3.3134352501967252],[37.271890344028634,-3.3133804326141125],[37.27193665378156,-3.3133814385155365],[37.27192722749352,-3.318810012672104],[37.26292962655353,-3.31879417743473],[37.26293820842395,-3.313877875143585],[37.2655917498202,-3.3131345998647137]]]}},{"type":"Feature","properties":{"value":100.0,"pixel_id":"307:9641"},"geometry":{"type":"Polygon","coordinates":[[[37.26317784100615,-3.2433079241988207],[37.263131062136026,-3.2444380132439052],[37.26305787879195,-3.244541745314955],[37.26306118777127,-3.2426033671013412],[37.26317784100615,-3.2433079241988207]]]}},{"type":"Feature","properties":{"value":79.55,"pixel_id":"307:9644"},"geometry":{"type":"Polygon","coordinates":[[[37.26970798675889,-3.210347199354676],[37.26966814198447,-3.2104176153497153],[37.26969868739907,-3.210482035877004],[37.26972903967586,-3.2105463489513872],[37.2697502408149,-3.2105920020489167],[37.26976684437628,-3.2106322772873237],[37.26963347330268,-3.2107948382639835],[37.26954666730016,-3.2109003357974037],[37.269460030180895,-3.2110056753069403],[37.269382074380545,-3.2111003782831933],[37.26931210819631,-3.2111854045442985],[37.269292012883405,-3.211223538007882],[37.269272629934534,-3.2112603224919263],[37.269242056672155,-3.2113183393830647],[37.269216401685945,-3.2113670506707095],[37.26919519695366,-3.211407265381793],[37.26917313972021,-3.2114491351624714],[37.269108505037174,-3.211571779271401],[37.26908168403774,-3.2116226792494165],[37.26872789334287,-3.2121339425327906],[37.2686095537789,-3.212304944755213],[37.26850106514037,-3.2126117150090727],[37.268416952287055,-3.2128495302884095],[37.2682632541352,-3.2131040542090568],[37.26806328915297,-3.2134352177360483],[37.267915186607006,-3.2136778752253266],[37.26790190950711,-3.213701027209014],[37.267890440715895,-3.2137210261667897],[37.26788116201731,-3.213738120404059],[37.26787683932419,-3.213746084230961],[37.26786976329468,-3.2137590060365833],[37.26776366327646,-3.2139527518375473],[37.267626245292504,-3.2141990362631185],[37.267618365270835,-3.214213158956917],[37.26761123803736,-3.2142259173266012],[37.267454350866245,-3.2145097363835635],[37.26769679448335,-3.215070016305082],[37.26761679591404,-3.2150926418503407],[37.26745049350045,-3.215139662676142],[37.267264814426156,-3.215192152528146],[37.26696266608033,-3.215277680471135],[37.26646190292015,-3.215114445731521],[37.26596460096874,-3.214952447975602],[37.26513360004213,-3.215224789724055],[37.264759632287664,-3.2157366886446757],[37.2646660071738,-3.216604426755776],[37.26473558887908,-3.2167777884661195],[37.26490236380654,-3.217190591471842],[37.2650676654969,-3.2176005356483572],[37.26493832426568,-3.2179986992031897],[37.26419883112379,-3.2182309223030634],[37.26344497032726,-3.2184676554545977],[37.26310182824233,-3.2187007259594016],[37.263116073297425,-3.2102801673823658],[37.269739536986144,-3.2102914512875116],[37.26970798675889,-3.210347199354676]]]}},{"type":"Feature","properties":{"value":70.78,"pixel_id":"307:9645"},"geometry":{"type":"Polygon","coordinates":[[[37.26963552774974,-3.2030110196008392],[37.26941636576988,-3.2036555743391277],[37.269416019918495,-3.2036565910465002],[37.2692199248785,-3.2040182336030147],[37.26950710369843,-3.2046421718556424],[37.26971172734373,-3.2049291367309096],[37.26987702454251,-3.2052717268864637],[37.26996685786758,-3.205864643120694],[37.270494961253426,-3.206535760376037],[37.27047308547961,-3.2072068789909514],[37.270583982501456,-3.2081177322888053],[37.270244451663416,-3.2093997152123244],[37.26979328089679,-3.210196471221859],[37.26979303745335,-3.210196901920161],[37.26977423840939,-3.2102301370184825],[37.26974732668011,-3.21027768718903],[37.269739536986144,-3.2102914512875116],[37.263116073297425,-3.2102801673823658],[37.263131329301906,-3.2012373222100234],[37.26969226624954,-3.2012484683435494],[37.26963552774974,-3.2030110196008392]]]}},{"type":"Feature","properties":{"value":72.42,"pixel_id":"307:9646"},"geometry":{"type":"Polygon","coordinates":[[[37.269779584283654,-3.192388947706792],[37.269250636481445,-3.1930961701001634],[37.268503460048905,-3.193234723645937],[37.26837046267446,-3.193575666273439],[37.268346707625085,-3.19551089493796],[37.268908597547096,-3.197361974661858],[37.26934448078421,-3.1991950635082356],[37.269692613889426,-3.2012376689212805],[37.26969226624954,-3.2012484683435494],[37.263131329301906,-3.2012373222100234],[37.26314654205,-3.1921944753671108],[37.26982923393714,-3.1922057959132615],[37.269779584283654,-3.192388947706792]]]}},{"type":"Feature","properties":{"value":91.59,"pixel_id":"307:9647"},"geometry":{"type":"Polygon","coordinates":[[[37.27151327888308,-3.18898713769734],[37.27136844350982,-3.189898308982929],[37.27089130963489,-3.191227459739572],[37.27038604861007,-3.1909188482038155],[37.270101020356925,-3.191203204741027],[37.27010100867883,-3.1912032480825347],[37.26982923393714,-3.1922057959132615],[37.26314654205,-3.1921944753671108],[37.26316171154357,-3.1831516268583266],[37.272158111801765,-3.183166813585575],[37.272148839425824,-3.1887260932219474],[37.27151327888308,-3.18898713769734]]]}},{"type":"Feature","properties":{"value":100.0,"pixel_id":"307:9648"},"geometry":{"type":"Polygon","coordinates":[[[37.26316171154357,-3.1831516268583266],[37.2631768377845,-3.174108776688376],[37.272173159787705,-3.174123920187458],[37.272158111801765,-3.183166813585575],[37.26316171154357,-3.1831516268583266]]]}},{"type":"Feature","properties":{"value":100.0,"pixel_id":"307:9649"},"geometry":{"type":"Polygon","coordinates":[[[37.2631768377845,-3.174108776688376],[37.26319192077465,-3.1650659248619575],[37.27218816474663,-3.165081025133593],[37.272173159787705,-3.174123920187458],[37.2631768377845,-3.174108776688376]]]}},{"type":"Feature","properties":{"value":100.0,"pixel_id":"307:9650"},"geometry":{"type":"Polygon","coordinates":[[[37.26319192077465,-3.1650659248619575],[37.26320696051589,-3.156023071383777],[37.27220312668038,-3.1560381284286803],[37.27218816474663,-3.165081025133593],[37.26319192077465,-3.1650659248619575]]]}},{"type":"Feature","properties":{"value":100.0,"pixel_id":"307:9651"},"geometry":{"type":"Polygon","coordinates":[[[37.26320696051589,-3.156023071383777],[37.26322195701007,-3.146980216258533],[37.27221804559081,-3.14699523007742],[37.27220312668038,-3.1560381284286803],[37.26320696051589,-3.156023071383777]]]}},{"type":"Feature","properties":{"value":100.0,"pixel_id":"307:9652"},"geometry":{"type":"Polygon","coordinates":[[[37.26322195701007,-3.146980216258533],[37.263236910259046,-3.1379373594909294],[37.27223292147976,-3.1379523300845134],[37.27221804559081,-3.14699523007742],[37.26322195701007,-3.146980216258533]]]}},{"type":"Feature","properties":{"value":100.0,"pixel_id":"307:9653"},"geometry":{"type":"Polygon","coordinates":[[[37.263236910259046,-3.1379373594909294],[37.263251820264664,-3.1288945010856692],[37.27224775434907,-3.128909428454659],[37.27223292147976,-3.1379523300845134],[37.263236910259046,-3.1379373594909294]]]}},{"type":"Feature","properties":{"value":100.0,"pixel_id":"307:9654"},"geometry":{"type":"Polygon","coordinates":[[[37.263251820264664,-3.1288945010856692],[37.26326668702876,-3.119851641047454],[37.272262544200565,-3.119866525192559],[37.27224775434907,-3.128909428454659],[37.263251820264664,-3.1288945010856692]]]}},{"type":"Feature","properties":{"value":100.0,"pixel_id":"307:9655"},"geometry":{"type":"Polygon","coordinates":[[[37.26326668702876,-3.119851641047454],[37.26328151055318,-3.1108087793809878],[37.27227729103607,-3.110823620302913],[37.272262544200565,-3.119866525192559],[37.26326668702876,-3.119851641047454]]]}},{"type":"Feature","properties":{"value":100.0,"pixel_id":"307:9656"},"geometry":{"type":"Polygon","coordinates":[[[37.26328151055318,-3.1108087793809878],[37.26329629083974,-3.1017659160909723],[37.27229199485741,-3.101780713790423],[37.27227729103607,-3.110823620302913],[37.26328151055318,-3.1108087793809878]]]}},{"type":"Feature","properties":{"value":91.97,"pixel_id":"307:9657"},"geometry":{"type":"Polygon","coordinates":[[[37.26329629083974,-3.1017659160909723],[37.263311027890275,-3.0927230511821113],[37.272306655666405,-3.0927378056597896],[37.27229199485741,-3.101780713790423],[37.26329629083974,-3.1017659160909723]]]}},{"type":"Feature","properties":{"value":100.0,"pixel_id":"307:9658"},"geometry":{"type":"Polygon","coordinates":[[[37.263311027890275,-3.0927230511821113],[37.26332572170661,-3.0836801846591073],[37.272321273464854,-3.083694895915712],[37.272306655666405,-3.0927378056597896],[37.263311027890275,-3.0927230511821113]]]}},{"type":"Feature","properties":{"value":100.0,"pixel_id":"307:9659"},"geometry":{"type":"Polygon","coordinates":[[[37.26332572170661,-3.0836801846591073],[37.26334037229054,-3.0746373165266636],[37.27233584825458,-3.0746519845628937],[37.272321273464854,-3.083694895915712],[37.26332572170661,-3.0836801846591073]]]}},{"type":"Feature","properties":{"value":95.9,"pixel_id":"307:9661"},"geometry":{"type":"Polygon","coordinates":[[[37.26335497964389,-3.0655944467894853],[37.26336954376846,-3.0565515754522736],[37.272364868814996,-3.056566157049839],[37.27235038003736,-3.065609071606036],[37.26335497964389,-3.0655944467894853]]]}},{"type":"Feature","properties":{"value":98.52,"pixel_id":"307:9662"},"geometry":{"type":"Polygon","coordinates":[[[37.26336954376846,-3.0565515754522736],[37.26338406466604,-3.0475087025197345],[37.27237931458928,-3.047523240899007],[37.272364868814996,-3.056566157049839],[37.26336954376846,-3.0565515754522736]]]}},{"type":"Feature","properties":{"value":100.0,"pixel_id":"307:9663"},"geometry":{"type":"Polygon","coordinates":[[[37.26338406466604,-3.0475087025197345],[37.26339854233843,-3.0384658279965704],[37.272393717362,-3.0384803231582387],[37.27237931458928,-3.047523240899007],[37.26338406466604,-3.0475087025197345]]]}},{"type":"Feature","properties":{"value":100.0,"pixel_id":"307:9664"},"geometry":{"type":"Polygon","coordinates":[[[37.26339854233843,-3.0384658279965704],[37.26341297678742,-3.0294229518874864],[37.272408077134926,-3.0294374038322394],[37.272393717362,-3.0384803231582387],[37.26339854233843,-3.0384658279965704]]]}},{"type":"Feature","properties":{"value":100.0,"pixel_id":"307:9665"},"geometry":{"type":"Polygon","coordinates":[[[37.26341297678742,-3.0294229518874864],[37.26342736801479,-3.020380074197186],[37.272422393909835,-3.020394482925708],[37.272408077134926,-3.0294374038322394],[37.26341297678742,-3.0294229518874864]]]}},{"type":"Feature","properties":{"value":99.91,"pixel_id":"307:9666"},"geometry":{"type":"Polygon","coordinates":[[[37.26342736801479,-3.020380074197186],[37.26344171602231,-3.0113371949303733],[37.27243666768849,-3.011351560443349],[37.272422393909835,-3.020394482925708],[37.26342736801479,-3.020380074197186]]]}},{"type":"Feature","properties":{"value":100.0,"pixel_id":"307:9667"},"geometry":{"type":"Polygon","coordinates":[[[37.26344171602231,-3.0113371949303733],[37.26345602081175,-3.002294314091754],[37.27245089847265,-3.0023086363898637],[37.27243666768849,-3.011351560443349],[37.26344171602231,-3.0113371949303733]]]}},{"type":"Feature","properties":{"value":100.0,"pixel_id":"307:9668"},"geometry":{"type":"Polygon","coordinates":[[[37.2715949995228,-2.9968603528058404],[37.27238556727849,-2.999182171585791],[37.27245531013403,-2.9994996933454754],[37.27245089847265,-3.0023086363898637],[37.26345602081175,-3.002294314091754],[37.26347028238489,-2.9932514316860317],[37.27036992120585,-2.9932623913571543],[37.2715949995228,-2.9968603528058404]]]}},{"type":"Feature","properties":{"value":100.0,"pixel_id":"307:9669"},"geometry":{"type":"Polygon","coordinates":[[[37.27036992120585,-2.9932623913571543],[37.26347028238489,-2.9932514316860317],[37.26348450074348,-2.984208547717911],[37.26728921446318,-2.9842145784199374],[37.27036992120585,-2.9932623913571543]]]}},{"type":"Feature","properties":{"value":100.0,"pixel_id":"307:9670"},"geometry":{"type":"Polygon","coordinates":[[[37.264859436912374,-2.977078477832704],[37.26525249476493,-2.978232870371573],[37.26728921446318,-2.9842145784199374],[37.26348450074348,-2.984208547717911],[37.26349270479455,-2.978978220726942],[37.264859436912374,-2.977078477832704]]]}},{"type":"Feature","properties":{"value":94.38,"pixel_id":"308:9613"},"geometry":{"type":"Polygon","coordinates":[[[37.279443404988676,-3.4959680095883283],[37.27866903834912,-3.494817359527905],[37.27772608398191,-3.49444058339406],[37.27672437620186,-3.4945143492197195],[37.275773345980234,-3.4939992944742997],[37.274539535090334,-3.4940714644217628],[37.27382112361153,-3.4934308584531766],[37.272916060183015,-3.4940875733974375],[37.27161447854312,-3.4941157407571115],[37.27162086561798,-3.4906241704039402],[37.28062010284472,-3.490640740932514],[37.28061067351771,-3.495821105719116],[37.279443404988676,-3.4959680095883283]]]}},{"type":"Feature","properties":{"value":47.93,"pixel_id":"308:9614"},"geometry":{"type":"Polygon","coordinates":[[[37.27162086561798,-3.4906241704039402],[37.271637377663396,-3.48158133609664],[37.28063652901957,-3.481597863595739],[37.28062010284472,-3.490640740932514],[37.27162086561798,-3.4906241704039402]]]}},{"type":"Feature","properties":{"value":17.38,"pixel_id":"308:9615"},"geometry":{"type":"Polygon","coordinates":[[[37.271637377663396,-3.48158133609664],[37.2716538466156,-3.4725384999738846],[37.28065291232531,-3.4725549844442947],[37.28063652901957,-3.481597863595739],[37.271637377663396,-3.48158133609664]]]}},{"type":"Feature","properties":{"value":18.87,"pixel_id":"308:9616"},"geometry":{"type":"Polygon","coordinates":[[[37.2716538466156,-3.4725384999738846],[37.27167027247663,-3.4634956620403683],[37.28066925276397,-3.4635121034828718],[37.28065291232531,-3.4725549844442947],[37.2716538466156,-3.4725384999738846]]]}},{"type":"Feature","properties":{"value":36.08,"pixel_id":"308:9617"},"geometry":{"type":"Polygon","coordinates":[[[37.27167027247663,-3.4634956620403683],[37.271686655248516,-3.4544528223007847],[37.280685550337566,-3.4544692207161627],[37.28066925276397,-3.4635121034828718],[37.27167027247663,-3.4634956620403683]]]}},{"type":"Feature","properties":{"value":72.64,"pixel_id":"308:9618"},"geometry":{"type":"Polygon","coordinates":[[[37.271686655248516,-3.4544528223007847],[37.271702994933285,-3.4454099807598313],[37.280701805048125,-3.445426336148862],[37.280685550337566,-3.4544692207161627],[37.271686655248516,-3.4544528223007847]]]}},{"type":"Feature","properties":{"value":26.17,"pixel_id":"308:9619"},"geometry":{"type":"Polygon","coordinates":[[[37.271702994933285,-3.4454099807598313],[37.27171929153295,-3.4363671374222022],[37.28071801689763,-3.436383449785662],[37.280701805048125,-3.445426336148862],[37.271702994933285,-3.4454099807598313]]]}},{"type":"Feature","properties":{"value":25.59,"pixel_id":"308:9620"},"geometry":{"type":"Polygon","coordinates":[[[37.27171929153295,-3.4363671374222022],[37.271735545049545,-3.427324292292591],[37.28073418588811,-3.4273405616312558],[37.28071801689763,-3.436383449785662],[37.27171929153295,-3.4363671374222022]]]}},{"type":"Feature","properties":{"value":48.89,"pixel_id":"308:9621"},"geometry":{"type":"Polygon","coordinates":[[[37.271735545049545,-3.427324292292591],[37.271751755485056,-3.418281445375696],[37.280750312021546,-3.4182976716903366],[37.28073418588811,-3.4273405616312558],[37.271735545049545,-3.427324292292591]]]}},{"type":"Feature","properties":{"value":15.33,"pixel_id":"308:9622"},"geometry":{"type":"Polygon","coordinates":[[[37.271751755485056,-3.418281445375696],[37.271767922841484,-3.4092385966762104],[37.28076639529994,-3.4092547799675983],[37.280750312021546,-3.4182976716903366],[37.271751755485056,-3.418281445375696]]]}},{"type":"Feature","properties":{"value":64.91,"pixel_id":"308:9623"},"geometry":{"type":"Polygon","coordinates":[[[37.271767922841484,-3.4092385966762104],[37.271784047120846,-3.4001957461988317],[37.28078243572528,-3.4002118864677358],[37.28076639529994,-3.4092547799675983],[37.271767922841484,-3.4092385966762104]]]}},{"type":"Feature","properties":{"value":22.65,"pixel_id":"308:9624"},"geometry":{"type":"Polygon","coordinates":[[[37.271784047120846,-3.4001957461988317],[37.27180012832511,-3.391152893948256],[37.28079843329953,-3.3911689911954404],[37.28078243572528,-3.4002118864677358],[37.271784047120846,-3.4001957461988317]]]}},{"type":"Feature","properties":{"value":24.02,"pixel_id":"308:9625"},"geometry":{"type":"Polygon","coordinates":[[[37.27180012832511,-3.391152893948256],[37.27181616645628,-3.382110039929179],[37.28081438802469,-3.3821260941554097],[37.28079843329953,-3.3911689911954404],[37.27180012832511,-3.391152893948256]]]}},{"type":"Feature","properties":{"value":2.87,"pixel_id":"308:9626"},"geometry":{"type":"Polygon","coordinates":[[[37.27181616645628,-3.382110039929179],[37.27183216151634,-3.3730671841462954],[37.280830299902725,-3.373083195352334],[37.28081438802469,-3.3821260941554097],[37.27181616645628,-3.382110039929179]]]}},{"type":"Feature","properties":{"value":13.6,"pixel_id":"308:9627"},"geometry":{"type":"Polygon","coordinates":[[[37.27183216151634,-3.3730671841462954],[37.27184811350726,-3.364024326604304],[37.28084616893559,-3.3640402947909105],[37.280830299902725,-3.373083195352334],[37.27183216151634,-3.3730671841462954]]]}},{"type":"Feature","properties":{"value":0.62,"pixel_id":"308:9628"},"geometry":{"type":"Polygon","coordinates":[[[37.27184811350726,-3.364024326604304],[37.271864022431004,-3.3549814673079013],[37.28086199512525,-3.3549973924758336],[37.28084616893559,-3.3640402947909105],[37.27184811350726,-3.364024326604304]]]}},{"type":"Feature","properties":{"value":14.75,"pixel_id":"308:9629"},"geometry":{"type":"Polygon","coordinates":[[[37.271864022431004,-3.3549814673079013],[37.271879888289554,-3.345938606261782],[37.280877778473666,-3.345954488411796],[37.28086199512525,-3.3549973924758336],[37.271864022431004,-3.3549814673079013]]]}},{"type":"Feature","properties":{"value":15.28,"pixel_id":"308:9630"},"geometry":{"type":"Polygon","coordinates":[[[37.280133223091966,-3.337144113100857],[37.28030462613978,-3.3377264009023633],[37.28089163640301,-3.337994419819324],[37.280877778473666,-3.345954488411796],[37.271879888289554,-3.345938606261782],[37.271895711084845,-3.3368957434706448],[37.27993506432346,-3.3369098993383317],[37.280133223091966,-3.337144113100857]]]}},{"type":"Feature","properties":{"value":34.61,"pixel_id":"308:9631"},"geometry":{"type":"Polygon","coordinates":[[[37.28066324438098,-3.3293654465998563],[37.280484012515494,-3.3307932144806163],[37.28045980381688,-3.3310317895084505],[37.28041242936376,-3.3314721331938015],[37.28027114233587,-3.3321236336886635],[37.27972936659137,-3.3325020389309055],[37.279193013976275,-3.333082773960758],[37.27925249322786,-3.3339757376019077],[37.27947266221917,-3.334275661049249],[37.27959065772835,-3.3350453005493823],[37.27919938482826,-3.335718530348896],[37.279549338818555,-3.336453990796289],[37.27993506432346,-3.3369098993383317],[37.271895711084845,-3.3368957434706448],[37.27191149081885,-3.327852878939186],[37.28090921665456,-3.3278686750556243],[37.28090691631866,-3.329195366883706],[37.28066324438098,-3.3293654465998563]]]}},{"type":"Feature","properties":{"value":15.91,"pixel_id":"308:9632"},"geometry":{"type":"Polygon","coordinates":[[[37.28089407906963,-3.3190373521939867],[37.28087653048057,-3.319645772469997],[37.28090595839095,-3.3201878721946],[37.28092247031127,-3.3202143989344637],[37.28090921665456,-3.3278686750556243],[37.27191149081885,-3.327852878939186],[37.27192722749352,-3.318810012672104],[37.2809248714909,-3.31882576577288],[37.28092469303944,-3.3189289866570055],[37.28089407906963,-3.3190373521939867]]]}},{"type":"Feature","properties":{"value":0.96,"pixel_id":"308:9633"},"geometry":{"type":"Polygon","coordinates":[[[37.27225773881018,-3.313388412794701],[37.273114388434806,-3.313621747503941],[37.27377773767825,-3.3139595846381527],[37.27464252244607,-3.3146350518064223],[37.27507485284624,-3.315035507488783],[37.27572207194045,-3.315848089311535],[37.276255813153035,-3.316403526015667],[37.27674057192813,-3.3168039087456664],[37.27741581935751,-3.3170412557360387],[37.277976600758464,-3.3171396122844947],[37.27836245681739,-3.31713763327233],[37.279015126888744,-3.3170022948321507],[37.27965816702029,-3.316854653450568],[37.28045651149139,-3.316708582978481],[37.28061697126237,-3.317183341049135],[37.280826872509984,-3.317554958277107],[37.28092679486904,-3.3177130297853523],[37.2809248714909,-3.31882576577288],[37.27192722749352,-3.318810012672104],[37.27193665378156,-3.3133814385155365],[37.27225773881018,-3.313388412794701]]]}},{"type":"Feature","properties":{"value":100.0,"pixel_id":"308:9647"},"geometry":{"type":"Polygon","coordinates":[[[37.27424659896774,-3.1847579190184496],[37.27351376413874,-3.1869656736878857],[37.272494904824974,-3.1885839531379863],[37.272148839425824,-3.1887260932219474],[37.272158111801765,-3.183166813585575],[37.2739870493615,-3.1831698913517994],[37.27424659896774,-3.1847579190184496]]]}},{"type":"Feature","properties":{"value":100.0,"pixel_id":"308:9648"},"geometry":{"type":"Polygon","coordinates":[[[37.281139742248705,-3.1757062289863476],[37.279003754217264,-3.176306981249069],[37.27825719492737,-3.1786271239698514],[37.27605899317261,-3.180677961524085],[37.273967423238695,-3.1830498110648167],[37.2739870493615,-3.1831698913517994],[37.272158111801765,-3.183166813585575],[37.272173159787705,-3.174123920187458],[37.28116952481793,-3.174138985137935],[37.28116720013034,-3.175544983611939],[37.281139742248705,-3.1757062289863476]]]}},{"type":"Feature","properties":{"value":100.0,"pixel_id":"308:9649"},"geometry":{"type":"Polygon","coordinates":[[[37.272173159787705,-3.174123920187458],[37.27218816474663,-3.165081025133593],[37.281184451743776,-3.1650960470808394],[37.28116952481793,-3.174138985137935],[37.272173159787705,-3.174123920187458]]]}},{"type":"Feature","properties":{"value":100.0,"pixel_id":"308:9650"},"geometry":{"type":"Polygon","coordinates":[[[37.27218816474663,-3.165081025133593],[37.27220312668038,-3.1560381284286803],[37.281199335868195,-3.1560531073734106],[37.281184451743776,-3.1650960470808394],[37.27218816474663,-3.165081025133593]]]}},{"type":"Feature","properties":{"value":100.0,"pixel_id":"308:9651"},"geometry":{"type":"Polygon","coordinates":[[[37.27220312668038,-3.1560381284286803],[37.27221804559081,-3.14699523007742],[37.281214177193036,-3.147010166020344],[37.281199335868195,-3.1560531073734106],[37.27220312668038,-3.1560381284286803]]]}},{"type":"Feature","properties":{"value":100.0,"pixel_id":"308:9652"},"geometry":{"type":"Polygon","coordinates":[[[37.27221804559081,-3.14699523007742],[37.27223292147976,-3.1379523300845134],[37.28122897572012,-3.13796722302634],[37.281214177193036,-3.147010166020344],[37.27221804559081,-3.14699523007742]]]}},{"type":"Feature","properties":{"value":100.0,"pixel_id":"308:9653"},"geometry":{"type":"Polygon","coordinates":[[[37.27223292147976,-3.1379523300845134],[37.27224775434907,-3.128909428454659],[37.28124373145128,-3.1289242783960947],[37.28122897572012,-3.13796722302634],[37.27223292147976,-3.1379523300845134]]]}},{"type":"Feature","properties":{"value":100.0,"pixel_id":"308:9654"},"geometry":{"type":"Polygon","coordinates":[[[37.27224775434907,-3.128909428454659],[37.272262544200565,-3.119866525192559],[37.28125844438835,-3.1198813321343075],[37.28124373145128,-3.1289242783960947],[37.27224775434907,-3.128909428454659]]]}},{"type":"Feature","properties":{"value":100.0,"pixel_id":"308:9655"},"geometry":{"type":"Polygon","coordinates":[[[37.272262544200565,-3.119866525192559],[37.27227729103607,-3.110823620302913],[37.28127311453313,-3.1108383842456777],[37.28125844438835,-3.1198813321343075],[37.272262544200565,-3.119866525192559]]]}},{"type":"Feature","properties":{"value":100.0,"pixel_id":"308:9656"},"geometry":{"type":"Polygon","coordinates":[[[37.27227729103607,-3.110823620302913],[37.27229199485741,-3.101780713790423],[37.281287741887425,-3.101795434734905],[37.28127311453313,-3.1108383842456777],[37.27227729103607,-3.110823620302913]]]}},{"type":"Feature","properties":{"value":92.32,"pixel_id":"308:9657"},"geometry":{"type":"Polygon","coordinates":[[[37.27229199485741,-3.101780713790423],[37.272306655666405,-3.0927378056597896],[37.28130232645307,-3.092752483606686],[37.281287741887425,-3.101795434734905],[37.27229199485741,-3.101780713790423]]]}},{"type":"Feature","properties":{"value":95.25,"pixel_id":"308:9658"},"geometry":{"type":"Polygon","coordinates":[[[37.272306655666405,-3.0927378056597896],[37.272321273464854,-3.083694895915712],[37.28131686823184,-3.083709530865721],[37.28130232645307,-3.092752483606686],[37.272306655666405,-3.0927378056597896]]]}},{"type":"Feature","properties":{"value":99.62,"pixel_id":"308:9659"},"geometry":{"type":"Polygon","coordinates":[[[37.272321273464854,-3.083694895915712],[37.27233584825458,-3.0746519845628937],[37.28133136722555,-3.074666576516709],[37.28131686823184,-3.083709530865721],[37.272321273464854,-3.083694895915712]]]}},{"type":"Feature","properties":{"value":64.75,"pixel_id":"308:9660"},"geometry":{"type":"Polygon","coordinates":[[[37.27233584825458,-3.0746519845628937],[37.27235038003736,-3.065609071606036],[37.28134582343596,-3.0656236205643497],[37.28133136722555,-3.074666576516709],[37.27233584825458,-3.0746519845628937]]]}},{"type":"Feature","properties":{"value":91.21,"pixel_id":"308:9661"},"geometry":{"type":"Polygon","coordinates":[[[37.27235038003736,-3.065609071606036],[37.272364868814996,-3.056566157049839],[37.281360236864884,-3.0565806630133414],[37.28134582343596,-3.0656236205643497],[37.27235038003736,-3.065609071606036]]]}},{"type":"Feature","properties":{"value":99.26,"pixel_id":"308:9662"},"geometry":{"type":"Polygon","coordinates":[[[37.272364868814996,-3.056566157049839],[37.27237931458928,-3.047523240899007],[37.281374607514095,-3.047537703868386],[37.281360236864884,-3.0565806630133414],[37.272364868814996,-3.056566157049839]]]}},{"type":"Feature","properties":{"value":100.0,"pixel_id":"308:9663"},"geometry":{"type":"Polygon","coordinates":[[[37.27237931458928,-3.047523240899007],[37.272393717362,-3.0384803231582387],[37.28138893538536,-3.038494743134181],[37.281374607514095,-3.047537703868386],[37.27237931458928,-3.047523240899007]]]}},{"type":"Feature","properties":{"value":99.54,"pixel_id":"308:9664"},"geometry":{"type":"Polygon","coordinates":[[[37.28139643346014,-3.033751577703503],[37.28138893538536,-3.038494743134181],[37.272393717362,-3.0384803231582387],[37.272408077134926,-3.0294374038322394],[37.28006135599563,-3.029449640868201],[37.28139643346014,-3.033751577703503]]]}},{"type":"Feature","properties":{"value":100.0,"pixel_id":"308:9665"},"geometry":{"type":"Polygon","coordinates":[[[37.28006135599563,-3.029449640868201],[37.272408077134926,-3.0294374038322394],[37.272422393909835,-3.020394482925708],[37.27725354200071,-3.0204021908469274],[37.28006135599563,-3.029449640868201]]]}},{"type":"Feature","properties":{"value":99.93,"pixel_id":"308:9666"},"geometry":{"type":"Polygon","coordinates":[[[37.27654505001328,-3.0181192585160668],[37.27725354200071,-3.0204021908469274],[37.272422393909835,-3.020394482925708],[37.27243666768849,-3.011351560443349],[37.2750594518765,-3.011355735153551],[37.27654505001328,-3.0181192585160668]]]}},{"type":"Feature","properties":{"value":100.0,"pixel_id":"308:9667"},"geometry":{"type":"Polygon","coordinates":[[[37.27493992948382,-3.0108115834790588],[37.2750594518765,-3.011355735153551],[37.27243666768849,-3.011351560443349],[37.27245089847265,-3.0023086363898637],[37.273072503607565,-3.0023096234079194],[37.27493992948382,-3.0108115834790588]]]}},{"type":"Feature","properties":{"value":100.0,"pixel_id":"308:9668"},"geometry":{"type":"Polygon","coordinates":[[[37.273072503607565,-3.0023096234079194],[37.27245089847265,-3.0023086363898637],[37.27245531013403,-2.9994996933454754],[37.273072503607565,-3.0023096234079194]]]}},{"type":"Feature","properties":{"value":63.33,"pixel_id":"309:9613"},"geometry":{"type":"Polygon","coordinates":[[[37.288623952732095,-3.4990658698234336],[37.287839987593735,-3.4993931421614675],[37.28677885715595,-3.4993881892620915],[37.28547896080385,-3.49863971803408],[37.28526634035588,-3.4986613142090786],[37.284308521565656,-3.4987586012476735],[37.28334964096677,-3.4982342767220027],[37.28159564534023,-3.4966903869808403],[37.28067166878169,-3.495813429257968],[37.28061067351771,-3.495821105719116],[37.28062010284472,-3.490640740932514],[37.2896193829426,-3.4906572250604078],[37.289604834522265,-3.498688705339598],[37.288623952732095,-3.4990658698234336]]]}},{"type":"Feature","properties":{"value":45.96,"pixel_id":"309:9614"},"geometry":{"type":"Polygon","coordinates":[[[37.288416388900856,-3.481756567101513],[37.28859608609367,-3.4823287527764366],[37.28958635742184,-3.4829140314255627],[37.28963316859443,-3.4830296371989125],[37.2896193829426,-3.4906572250604078],[37.28062010284472,-3.490640740932514],[37.28063652901957,-3.481597863595739],[37.288444436715,-3.4816121334185417],[37.288416388900856,-3.481756567101513]]]}},{"type":"Feature","properties":{"value":46.23,"pixel_id":"309:9615"},"geometry":{"type":"Polygon","coordinates":[[[37.288555249579154,-3.4731176107028894],[37.28950209993975,-3.473481098021375],[37.28963156334187,-3.473799910385481],[37.28919927695917,-3.4745046313594754],[37.28875620001326,-3.4748482148441973],[37.28834759142482,-3.474797474941734],[37.28829841764617,-3.4755052832426045],[37.28903826741921,-3.4761900725816037],[37.28964429318158,-3.47686213800382],[37.28964394846031,-3.477053417607752],[37.28938680117306,-3.4783092455772477],[37.28917147230451,-3.478902321404615],[37.28833614059988,-3.4798435938973533],[37.28836032324734,-3.4805671862159735],[37.28855898657074,-3.4810222518869653],[37.288444436715,-3.4816121334185417],[37.28063652901957,-3.481597863595739],[37.28065291232531,-3.4725549844442947],[37.28820814081688,-3.472568757663794],[37.288555249579154,-3.4731176107028894]]]}},{"type":"Feature","properties":{"value":52.13,"pixel_id":"309:9616"},"geometry":{"type":"Polygon","coordinates":[[[37.28952918953545,-3.46374605255806],[37.28966778758862,-3.463800469793152],[37.28966360766343,-3.46612791243751],[37.28955140307581,-3.466255834706159],[37.2896302122757,-3.46677677412831],[37.28966240002628,-3.46680004951295],[37.28966032779908,-3.4679530878130276],[37.28953343138025,-3.4679708937010636],[37.289399886931776,-3.4684411469814087],[37.28946162185307,-3.4688332748800725],[37.28965846310746,-3.468990318599275],[37.28965558623902,-3.4705899587989797],[37.28953769927616,-3.4708751186591007],[37.28821494708827,-3.47198884687246],[37.28820165202206,-3.47255849749022],[37.28820814081688,-3.472568757663794],[37.28065291232531,-3.4725549844442947],[37.28066925276397,-3.4635121034828718],[37.28955349495043,-3.4635282511237238],[37.28952918953545,-3.46374605255806]]]}},{"type":"Feature","properties":{"value":28.8,"pixel_id":"309:9617"},"geometry":{"type":"Polygon","coordinates":[[[37.289612512769665,-3.462999389613994],[37.28955349495043,-3.4635282511237238],[37.28066925276397,-3.4635121034828718],[37.280685550337566,-3.4544692207161627],[37.289684488289666,-3.4544855336282754],[37.289669671660896,-3.462750876555757],[37.289612512769665,-3.462999389613994]]]}},{"type":"Feature","properties":{"value":11.01,"pixel_id":"309:9618"},"geometry":{"type":"Polygon","coordinates":[[[37.280685550337566,-3.4544692207161627],[37.280701805048125,-3.445426336148862],[37.28970065802399,-3.44544260625897],[37.289684488289666,-3.4544855336282754],[37.280685550337566,-3.4544692207161627]]]}},{"type":"Feature","properties":{"value":26.34,"pixel_id":"309:9619"},"geometry":{"type":"Polygon","coordinates":[[[37.280701805048125,-3.445426336148862],[37.28071801689763,-3.436383449785662],[37.28971678512134,-3.436399677094539],[37.28970065802399,-3.44544260625897],[37.280701805048125,-3.445426336148862]]]}},{"type":"Feature","properties":{"value":62.97,"pixel_id":"309:9620"},"geometry":{"type":"Polygon","coordinates":[[[37.28071801689763,-3.436383449785662],[37.28073418588811,-3.4273405616312558],[37.28973286958371,-3.4273567461396715],[37.28971678512134,-3.436399677094539],[37.28071801689763,-3.436383449785662]]]}},{"type":"Feature","properties":{"value":83.48,"pixel_id":"309:9621"},"geometry":{"type":"Polygon","coordinates":[[[37.28073418588811,-3.4273405616312558],[37.280750312021546,-3.4182976716903366],[37.289748911413085,-3.4183138133990596],[37.28973286958371,-3.4273567461396715],[37.28073418588811,-3.4273405616312558]]]}},{"type":"Feature","properties":{"value":54.79,"pixel_id":"309:9622"},"geometry":{"type":"Polygon","coordinates":[[[37.280750312021546,-3.4182976716903366],[37.28076639529994,-3.4092547799675983],[37.28976491061145,-3.4092708788773947],[37.289748911413085,-3.4183138133990596],[37.280750312021546,-3.4182976716903366]]]}},{"type":"Feature","properties":{"value":46.04,"pixel_id":"309:9623"},"geometry":{"type":"Polygon","coordinates":[[[37.28076639529994,-3.4092547799675983],[37.28078243572528,-3.4002118864677358],[37.28978086718078,-3.4002279425793707],[37.28976491061145,-3.4092708788773947],[37.28076639529994,-3.4092547799675983]]]}},{"type":"Feature","properties":{"value":7.99,"pixel_id":"309:9624"},"geometry":{"type":"Polygon","coordinates":[[[37.28078243572528,-3.4002118864677358],[37.28079843329953,-3.3911689911954404],[37.28979678112305,-3.3911850045096763],[37.28978086718078,-3.4002279425793707],[37.28078243572528,-3.4002118864677358]]]}},{"type":"Feature","properties":{"value":37.55,"pixel_id":"309:9625"},"geometry":{"type":"Polygon","coordinates":[[[37.28079843329953,-3.3911689911954404],[37.28081438802469,-3.3821260941554097],[37.289812652440226,-3.382142064673005],[37.28979678112305,-3.3911850045096763],[37.28079843329953,-3.3911689911954404]]]}},{"type":"Feature","properties":{"value":46.11,"pixel_id":"309:9626"},"geometry":{"type":"Polygon","coordinates":[[[37.28081438802469,-3.3821260941554097],[37.280830299902725,-3.373083195352334],[37.28982848113426,-3.3730991230740495],[37.289812652440226,-3.382142064673005],[37.28081438802469,-3.3821260941554097]]]}},{"type":"Feature","properties":{"value":19.75,"pixel_id":"309:9627"},"geometry":{"type":"Polygon","coordinates":[[[37.280830299902725,-3.373083195352334],[37.28084616893559,-3.3640402947909105],[37.289844267207116,-3.3640561797175006],[37.28982848113426,-3.3730991230740495],[37.280830299902725,-3.373083195352334]]]}},{"type":"Feature","properties":{"value":10.42,"pixel_id":"309:9628"},"geometry":{"type":"Polygon","coordinates":[[[37.28084616893559,-3.3640402947909105],[37.28086199512525,-3.3549973924758336],[37.289860010660746,-3.355013234608053],[37.289844267207116,-3.3640561797175006],[37.28084616893559,-3.3640402947909105]]]}},{"type":"Feature","properties":{"value":22.81,"pixel_id":"309:9629"},"geometry":{"type":"Polygon","coordinates":[[[37.289056836494474,-3.3463525034171364],[37.28928287238289,-3.3473495149528745],[37.2898468383115,-3.3479802131649943],[37.289872164205704,-3.3480155095842274],[37.289860010660746,-3.355013234608053],[37.28086199512525,-3.3549973924758336],[37.280877778473666,-3.345954488411796],[37.28890752009995,-3.3459685916968955],[37.289056836494474,-3.3463525034171364]]]}},{"type":"Feature","properties":{"value":44.51,"pixel_id":"309:9630"},"geometry":{"type":"Polygon","coordinates":[[[37.28104185552715,-3.338063007256062],[37.28125066442337,-3.338740410475129],[37.282103900449876,-3.3396457410584484],[37.282816107265035,-3.3403417068013623],[37.28312868684792,-3.340653097605598],[37.28406313955928,-3.340471839084694],[37.285087616038524,-3.340707654543995],[37.2857503786821,-3.341089823870442],[37.28608357639741,-3.3418784242150266],[37.28629635584716,-3.3424220670757823],[37.287662615240905,-3.342540532060603],[37.28778802634276,-3.3429295195880027],[37.28795560077081,-3.343216767523832],[37.288016215492924,-3.344385836880068],[37.28825612945417,-3.344990228293631],[37.288558630837905,-3.345396628192461],[37.28879854479914,-3.3456884020725743],[37.28890752009995,-3.3459685916968955],[37.280877778473666,-3.345954488411796],[37.28089163640301,-3.337994419819324],[37.28104185552715,-3.338063007256062]]]}},{"type":"Feature","properties":{"value":27.72,"pixel_id":"309:9631"},"geometry":{"type":"Polygon","coordinates":[[[37.28196000112116,-3.3284213626577674],[37.281728488204436,-3.3288079741991456],[37.281231594986515,-3.3289687453298686],[37.28090691631866,-3.329195366883706],[37.28090921665456,-3.3278686750556243],[37.28230320093413,-3.327871114914144],[37.28196000112116,-3.3284213626577674]]]}},{"type":"Feature","properties":{"value":24.69,"pixel_id":"309:9632"},"geometry":{"type":"MultiPolygon","coordinates":[[[[37.28175080055948,-3.321596761826179],[37.28228322394353,-3.32202614672408],[37.28235429775049,-3.3227234332896973],[37.28218508030381,-3.32351074486573],[37.282096973540725,-3.324050458974599],[37.28205309982226,-3.324436653341234],[37.28191798961027,-3.3251460134863384],[37.28219396374364,-3.3258478932014186],[37.28236561382812,-3.326477800980623],[37.28253762503537,-3.3271456712302645],[37.28233138891411,-3.327825921448426],[37.28230320093413,-3.327871114914144],[37.28090921665456,-3.3278686750556243],[37.28092247031127,-3.3202143989344637],[37.28112579680223,-3.320541047054318],[37.281279291036505,-3.3208676848876078],[37.28175080055948,-3.321596761826179]]],[[[37.2809538393083,-3.3188258163570494],[37.28092469303944,-3.3189289866570055],[37.2809248714909,-3.31882576577288],[37.2809538393083,-3.3188258163570494]]]]}},{"type":"Feature","properties":{"value":14.0,"pixel_id":"309:9633"},"geometry":{"type":"Polygon","coordinates":[[[37.281077182674004,-3.317950934708203],[37.28110181178416,-3.318302031154014],[37.2809538393083,-3.3188258163570494],[37.2809248714909,-3.31882576577288],[37.28092679486904,-3.3177130297853523],[37.281077182674004,-3.317950934708203]]]}},{"type":"Feature","properties":{"value":100.0,"pixel_id":"309:9648"},"geometry":{"type":"Polygon","coordinates":[[[37.28116720013034,-3.175544983611939],[37.28116952481793,-3.174138985137935],[37.28140655406983,-3.174139380994555],[37.28116720013034,-3.175544983611939]]]}},{"type":"Feature","properties":{"value":100.0,"pixel_id":"309:9649"},"geometry":{"type":"Polygon","coordinates":[[[37.283068353298496,-3.1692843728383377],[37.28182408781532,-3.1716873958001037],[37.28140655406983,-3.174139380994555],[37.28116952481793,-3.174138985137935],[37.281184451743776,-3.1650960470808394],[37.28517420272295,-3.1651026840498555],[37.283068353298496,-3.1692843728383377]]]}},{"type":"Feature","properties":{"value":100.0,"pixel_id":"309:9650"},"geometry":{"type":"Polygon","coordinates":[[[37.28517420272295,-3.1651026840498555],[37.281184451743776,-3.1650960470808394],[37.281199335868195,-3.1560531073734106],[37.28972424713743,-3.1560672294567063],[37.28517420272295,-3.1651026840498555]]]}},{"type":"Feature","properties":{"value":100.0,"pixel_id":"309:9651"},"geometry":{"type":"Polygon","coordinates":[[[37.28972424713743,-3.1560672294567063],[37.281199335868195,-3.1560531073734106],[37.281214177193036,-3.147010166020344],[37.290210351593004,-3.147025024085463],[37.290197124224505,-3.1551281763327466],[37.28972424713743,-3.1560672294567063]]]}},{"type":"Feature","properties":{"value":100.0,"pixel_id":"309:9652"},"geometry":{"type":"Polygon","coordinates":[[[37.281214177193036,-3.147010166020344],[37.28122897572012,-3.13796722302634],[37.2902250727564,-3.137982038314573],[37.290210351593004,-3.147025024085463],[37.281214177193036,-3.147010166020344]]]}},{"type":"Feature","properties":{"value":100.0,"pixel_id":"309:9653"},"geometry":{"type":"Polygon","coordinates":[[[37.28122897572012,-3.13796722302634],[37.28124373145128,-3.1289242783960947],[37.2902397513476,-3.1289390509081447],[37.2902250727564,-3.137982038314573],[37.28122897572012,-3.13796722302634]]]}},{"type":"Feature","properties":{"value":99.85,"pixel_id":"309:9654"},"geometry":{"type":"Polygon","coordinates":[[[37.28124373145128,-3.1289242783960947],[37.28125844438835,-3.1198813321343075],[37.290254387368414,-3.119896061870876],[37.2902397513476,-3.1289390509081447],[37.28124373145128,-3.1289242783960947]]]}},{"type":"Feature","properties":{"value":100.0,"pixel_id":"309:9655"},"geometry":{"type":"Polygon","coordinates":[[[37.28125844438835,-3.1198813321343075],[37.28127311453313,-3.1108383842456777],[37.290268980820656,-3.1108530712074645],[37.290254387368414,-3.119896061870876],[37.28125844438835,-3.1198813321343075]]]}},{"type":"Feature","properties":{"value":99.38,"pixel_id":"309:9656"},"geometry":{"type":"Polygon","coordinates":[[[37.28127311453313,-3.1108383842456777],[37.281287741887425,-3.101795434734905],[37.290283531706116,-3.101810078922605],[37.290268980820656,-3.1108530712074645],[37.28127311453313,-3.1108383842456777]]]}},{"type":"Feature","properties":{"value":97.78,"pixel_id":"309:9657"},"geometry":{"type":"Polygon","coordinates":[[[37.281287741887425,-3.101795434734905],[37.28130232645307,-3.092752483606686],[37.290298040026606,-3.092767085020995],[37.290283531706116,-3.101810078922605],[37.281287741887425,-3.101795434734905]]]}},{"type":"Feature","properties":{"value":88.96,"pixel_id":"309:9658"},"geometry":{"type":"Polygon","coordinates":[[[37.28130232645307,-3.092752483606686],[37.28131686823184,-3.083709530865721],[37.2903125057839,-3.0837240895073315],[37.290298040026606,-3.092767085020995],[37.28130232645307,-3.092752483606686]]]}},{"type":"Feature","properties":{"value":49.87,"pixel_id":"309:9659"},"geometry":{"type":"Polygon","coordinates":[[[37.28131686823184,-3.083709530865721],[37.28133136722555,-3.074666576516709],[37.29032692897979,-3.074681092386311],[37.2903125057839,-3.0837240895073315],[37.28131686823184,-3.083709530865721]]]}},{"type":"Feature","properties":{"value":81.91,"pixel_id":"309:9660"},"geometry":{"type":"Polygon","coordinates":[[[37.28133136722555,-3.074666576516709],[37.28134582343596,-3.0656236205643497],[37.29034130961607,-3.0656380936626326],[37.29032692897979,-3.074681092386311],[37.28133136722555,-3.074666576516709]]]}},{"type":"Feature","properties":{"value":91.52,"pixel_id":"309:9661"},"geometry":{"type":"Polygon","coordinates":[[[37.28134582343596,-3.0656236205643497],[37.281360236864884,-3.0565806630133414],[37.29035564769449,-3.0565950933409924],[37.29034130961607,-3.0656380936626326],[37.28134582343596,-3.0656236205643497]]]}},{"type":"Feature","properties":{"value":73.81,"pixel_id":"309:9662"},"geometry":{"type":"Polygon","coordinates":[[[37.29036714067569,-3.0493270346477797],[37.29035564769449,-3.0565950933409924],[37.281360236864884,-3.0565806630133414],[37.281374607514095,-3.047537703868386],[37.28933050477349,-3.0475504327570584],[37.29036714067569,-3.0493270346477797]]]}},{"type":"Feature","properties":{"value":83.04,"pixel_id":"309:9663"},"geometry":{"type":"Polygon","coordinates":[[[37.28933050477349,-3.0475504327570584],[37.281374607514095,-3.047537703868386],[37.28138893538536,-3.038494743134181],[37.28404907556436,-3.038498993110259],[37.28933050477349,-3.0475504327570584]]]}},{"type":"Feature","properties":{"value":95.56,"pixel_id":"309:9664"},"geometry":{"type":"Polygon","coordinates":[[[37.28152983566085,-3.0341814311857935],[37.28404907556436,-3.038498993110259],[37.28138893538536,-3.038494743134181],[37.28139643346014,-3.033751577703503],[37.28152983566085,-3.0341814311857935]]]}},{"type":"Feature","properties":{"value":5.1,"pixel_id":"310:9612"},"geometry":{"type":"Polygon","coordinates":[[[37.297232369962536,-3.499714086470152],[37.29860240883696,-3.499716583690427],[37.29860047491804,-3.5007881360016784],[37.297232369962536,-3.499714086470152]]]}},{"type":"Feature","properties":{"value":8.73,"pixel_id":"310:9613"},"geometry":{"type":"Polygon","coordinates":[[[37.294753047422844,-3.4910962691997027],[37.2944254003977,-3.491539469548632],[37.29446908008007,-3.4918797835876814],[37.29546230506889,-3.4922961860681343],[37.2961475570356,-3.49316263195684],[37.29617705321797,-3.493762613619129],[37.296224990914816,-3.4942108947007795],[37.297344546880346,-3.4948048946243455],[37.29832168573738,-3.4956997928536504],[37.29860948013795,-3.495795679711429],[37.29860240883696,-3.499716583690427],[37.297232369962536,-3.499714086470152],[37.296228013745754,-3.498925600801082],[37.294840626874866,-3.4983650642905735],[37.294109664134915,-3.497819701192932],[37.29328733195078,-3.4975021391420116],[37.292662103614695,-3.497484004650948],[37.29153349442771,-3.4978103784971384],[37.2905251822337,-3.4979310770709144],[37.28967413540152,-3.498662058002089],[37.289604834522265,-3.498688705339598],[37.2896193829426,-3.4906572250604078],[37.29476696618282,-3.4906666150917127],[37.294753047422844,-3.4910962691997027]]]}},{"type":"Feature","properties":{"value":24.64,"pixel_id":"310:9614"},"geometry":{"type":"Polygon","coordinates":[[[37.28982693883133,-3.4835081757915543],[37.28981010889447,-3.4846357241836166],[37.29031804869547,-3.485770127015384],[37.29111761846861,-3.486809564560223],[37.291908735094935,-3.4862199744895768],[37.29219239611219,-3.4864383357097424],[37.292484618972466,-3.486955398589997],[37.29304189604548,-3.4880575479301634],[37.293787444730704,-3.4889324431700137],[37.29386959207017,-3.4901612166774925],[37.294773577520345,-3.4904625304882857],[37.29476696618282,-3.4906666150917127],[37.2896193829426,-3.4906572250604078],[37.28963316859443,-3.4830296371989125],[37.28982693883133,-3.4835081757915543]]]}},{"type":"Feature","properties":{"value":100.0,"pixel_id":"310:9615"},"geometry":{"type":"Polygon","coordinates":[[[37.28967593113375,-3.4768972235733724],[37.28964394846031,-3.477053417607752],[37.28964429318158,-3.47686213800382],[37.28967593113375,-3.4768972235733724]]]}},{"type":"Feature","properties":{"value":48.44,"pixel_id":"310:9616"},"geometry":{"type":"MultiPolygon","coordinates":[[[[37.29052585866511,-3.469978669166053],[37.29035731405654,-3.4703073843239625],[37.28968853719215,-3.470510252821101],[37.28965558623902,-3.4705899587989797],[37.28965846310746,-3.468990318599275],[37.289944066567976,-3.4692181783854945],[37.290506720057984,-3.4696679119996436],[37.29052585866511,-3.469978669166053]]],[[[37.29051276931311,-3.4674149620987285],[37.29028139473694,-3.4678659404909298],[37.28966032779908,-3.4679530878130276],[37.28966240002628,-3.46680004951295],[37.29051276931311,-3.4674149620987285]]],[[[37.28979879910505,-3.4654241138461264],[37.289921111917515,-3.4658343365976423],[37.28966360766343,-3.46612791243751],[37.28966778758862,-3.463800469793152],[37.29031937281223,-3.4640562989654575],[37.29081929874255,-3.4643379442892392],[37.2907071009602,-3.4648582438685716],[37.28990943920873,-3.465165766478873],[37.28979879910505,-3.4654241138461264]]]]}},{"type":"Feature","properties":{"value":16.32,"pixel_id":"310:9617"},"geometry":{"type":"Polygon","coordinates":[[[37.294967655842555,-3.454619723819602],[37.294390944616666,-3.4550066046835117],[37.29327085864508,-3.4557633662282767],[37.292326183105786,-3.456243578849792],[37.292066702041026,-3.4568818624770974],[37.29203444533582,-3.4575095190687932],[37.29221392064472,-3.45826188334069],[37.29224126895525,-3.459066887951382],[37.29198115996809,-3.459836213590095],[37.29154118310823,-3.4606163854195016],[37.29089522345206,-3.461315163961656],[37.290121605109164,-3.461355631898171],[37.28982405164602,-3.4620796682514783],[37.289669671660896,-3.462750876555757],[37.289684488289666,-3.4544855336282754],[37.29508660326471,-3.4544952852565127],[37.294967655842555,-3.454619723819602]]]}},{"type":"Feature","properties":{"value":22.66,"pixel_id":"310:9618"},"geometry":{"type":"Polygon","coordinates":[[[37.29844843892229,-3.4490268862287694],[37.298692992469505,-3.449150408817572],[37.29868817164523,-3.4518602972767103],[37.29857568887557,-3.452026782906368],[37.298093658283996,-3.4520333816919266],[37.29750989258816,-3.451813490453003],[37.29714500141133,-3.4521743311987736],[37.29625659993471,-3.452925663450835],[37.29579376184919,-3.453526795799493],[37.29542986241242,-3.454136179385374],[37.29508660326471,-3.4544952852565127],[37.289684488289666,-3.4544855336282754],[37.28970065802399,-3.44544260625897],[37.29869955363684,-3.445458791088149],[37.2986943399274,-3.448392590794407],[37.29844843892229,-3.4490268862287694]]]}},{"type":"Feature","properties":{"value":15.66,"pixel_id":"310:9619"},"geometry":{"type":"Polygon","coordinates":[[[37.28970065802399,-3.44544260625897],[37.28971678512134,-3.436399677094539],[37.29871559598003,-3.43641581934683],[37.29869955363684,-3.445458791088149],[37.28970065802399,-3.44544260625897]]]}},{"type":"Feature","properties":{"value":8.7,"pixel_id":"310:9620"},"geometry":{"type":"Polygon","coordinates":[[[37.28971678512134,-3.436399677094539],[37.28973286958371,-3.4273567461396715],[37.2987315959123,-3.427372845815842],[37.29871559598003,-3.43641581934683],[37.28971678512134,-3.436399677094539]]]}},{"type":"Feature","properties":{"value":9.55,"pixel_id":"310:9621"},"geometry":{"type":"Polygon","coordinates":[[[37.28973286958371,-3.4273567461396715],[37.289748911413085,-3.4183138133990596],[37.29874755343564,-3.4183298704998744],[37.2987315959123,-3.427372845815842],[37.28973286958371,-3.4273567461396715]]]}},{"type":"Feature","properties":{"value":6.61,"pixel_id":"310:9622"},"geometry":{"type":"Polygon","coordinates":[[[37.289748911413085,-3.4183138133990596],[37.28976491061145,-3.4092708788773947],[37.298763468551996,-3.4092868934036162],[37.29874755343564,-3.4183298704998744],[37.289748911413085,-3.4183138133990596]]]}},{"type":"Feature","properties":{"value":14.09,"pixel_id":"310:9623"},"geometry":{"type":"Polygon","coordinates":[[[37.28976491061145,-3.4092708788773947],[37.28978086718078,-3.4002279425793707],[37.298779341263355,-3.4002439145317567],[37.298763468551996,-3.4092868934036162],[37.28976491061145,-3.4092708788773947]]]}},{"type":"Feature","properties":{"value":6.82,"pixel_id":"310:9624"},"geometry":{"type":"Polygon","coordinates":[[[37.28978086718078,-3.4002279425793707],[37.28979678112305,-3.3911850045096763],[37.29879517157166,-3.391200933888988],[37.298779341263355,-3.4002439145317567],[37.28978086718078,-3.4002279425793707]]]}},{"type":"Feature","properties":{"value":10.49,"pixel_id":"310:9625"},"geometry":{"type":"Polygon","coordinates":[[[37.28979678112305,-3.3911850045096763],[37.289812652440226,-3.382142064673005],[37.29881095947889,-3.3821579514799986],[37.29879517157166,-3.391200933888988],[37.28979678112305,-3.3911850045096763]]]}},{"type":"Feature","properties":{"value":6.8,"pixel_id":"310:9626"},"geometry":{"type":"Polygon","coordinates":[[[37.289812652440226,-3.382142064673005],[37.28982848113426,-3.3730991230740495],[37.29882670498698,-3.3731149673094767],[37.29881095947889,-3.3821579514799986],[37.289812652440226,-3.382142064673005]]]}},{"type":"Feature","properties":{"value":9.88,"pixel_id":"310:9627"},"geometry":{"type":"Polygon","coordinates":[[[37.28982848113426,-3.3730991230740495],[37.289844267207116,-3.3640561797175006],[37.298842408097876,-3.3640719813821165],[37.29882670498698,-3.3731149673094767],[37.28982848113426,-3.3730991230740495]]]}},{"type":"Feature","properties":{"value":16.87,"pixel_id":"310:9628"},"geometry":{"type":"Polygon","coordinates":[[[37.298617970779354,-3.356081836957627],[37.298856225373584,-3.3560947262307255],[37.298842408097876,-3.3640719813821165],[37.289844267207116,-3.3640561797175006],[37.289860010660746,-3.355013234608053],[37.29819139054422,-3.3550278289408837],[37.298617970779354,-3.356081836957627]]]}},{"type":"Feature","properties":{"value":19.86,"pixel_id":"310:9629"},"geometry":{"type":"Polygon","coordinates":[[[37.29021766645405,-3.3484970320701484],[37.29073049039526,-3.3486237768360128],[37.291585837462684,-3.348259060805158],[37.2929940311122,-3.3479568657157586],[37.29414939302664,-3.3477962566281803],[37.294629221847465,-3.347921301503406],[37.29470512589572,-3.3482092042960603],[37.29473353242163,-3.3483902239297394],[37.294964786623524,-3.3492881542276636],[37.29529152096035,-3.349777916310625],[37.29617479036178,-3.349600768159743],[37.29649815332133,-3.3505515465152587],[37.296940636480855,-3.3512857967694836],[37.29707624076624,-3.3516817738816145],[37.296846757143754,-3.3522236372250873],[37.29672192186197,-3.3530224256211327],[37.29708700976988,-3.353929003141837],[37.29791190664412,-3.354337270783381],[37.29819139054422,-3.3550278289408837],[37.289860010660746,-3.355013234608053],[37.289872164205704,-3.3480155095842274],[37.29021766645405,-3.3484970320701484]]]}},{"type":"Feature","properties":{"value":100.0,"pixel_id":"310:9651"},"geometry":{"type":"Polygon","coordinates":[[[37.290197124224505,-3.1551281763327466],[37.290210351593004,-3.147025024085463],[37.29427418144706,-3.1470317103402907],[37.290197124224505,-3.1551281763327466]]]}},{"type":"Feature","properties":{"value":62.76,"pixel_id":"310:9660"},"geometry":{"type":"Polygon","coordinates":[[[37.29032692897979,-3.074681092386311],[37.29034130961607,-3.0656380936626326],[37.299336838354016,-3.0656524908991023],[37.29932253329366,-3.074695532169911],[37.29032692897979,-3.074681092386311]]]}},{"type":"Feature","properties":{"value":78.79,"pixel_id":"310:9661"},"geometry":{"type":"Polygon","coordinates":[[[37.29747709599547,-3.061512099604248],[37.29933833964585,-3.06470188446818],[37.299336838354016,-3.0656524908991023],[37.29034130961607,-3.0656380936626326],[37.29035564769449,-3.0565950933409924],[37.29461199446195,-3.0566018949347717],[37.29747709599547,-3.061512099604248]]]}},{"type":"Feature","properties":{"value":29.35,"pixel_id":"311:9612"},"geometry":{"type":"Polygon","coordinates":[[[37.30372872268763,-3.501352394958744],[37.304224502892914,-3.5022665170768303],[37.304270459804556,-3.5029318316820266],[37.30433514838648,-3.503391026856061],[37.305273230291604,-3.5045797014477995],[37.30576582866417,-3.5056520846215933],[37.30591590840204,-3.5061535407090596],[37.305412839266516,-3.506365167038344],[37.30505134372147,-3.506490349781137],[37.30471994533169,-3.506888117623792],[37.30451720006365,-3.5075510404790373],[37.30452858980311,-3.5078134524260145],[37.30421260021541,-3.5082347256611324],[37.30366272526034,-3.5078844577757966],[37.30133055684895,-3.5046776946425835],[37.30067617279202,-3.5022868729151515],[37.298813746019114,-3.500955567107723],[37.29860047491804,-3.5007881360016784],[37.29860240883696,-3.499716583690427],[37.30283469905865,-3.4997242853494104],[37.30372872268763,-3.501352394958744]]]}},{"type":"Feature","properties":{"value":27.34,"pixel_id":"311:9613"},"geometry":{"type":"Polygon","coordinates":[[[37.299290119919334,-3.4960224537694513],[37.30038307497269,-3.496080300087778],[37.30115758534267,-3.4971789001352898],[37.302669964700485,-3.4994242866636602],[37.30283469905865,-3.4997242853494104],[37.29860240883696,-3.499716583690427],[37.29860948013795,-3.495795679711429],[37.299290119919334,-3.4960224537694513]]]}},{"type":"Feature","properties":{"value":55.43,"pixel_id":"311:9618"},"geometry":{"type":"MultiPolygon","coordinates":[[[[37.30016652259872,-3.45011413784831],[37.29969348324483,-3.450708499885215],[37.29924880190784,-3.4510305074786207],[37.29868817164523,-3.4518602972767103],[37.298692992469505,-3.449150408817572],[37.29925001912504,-3.449431759491874],[37.30010073268227,-3.4498919668198065],[37.30016652259872,-3.45011413784831]]],[[[37.29950793891784,-3.4467709347580704],[37.29913153583065,-3.4470755313027066],[37.298848294326625,-3.447263499270242],[37.298791182135794,-3.44814278834324],[37.2986943399274,-3.448392590794407],[37.29869955363684,-3.445458791088149],[37.299994957596475,-3.4454611138894373],[37.29989202709231,-3.4455178789025815],[37.299836415986334,-3.44651090139396],[37.29950793891784,-3.4467709347580704]]]]}},{"type":"Feature","properties":{"value":26.72,"pixel_id":"311:9619"},"geometry":{"type":"Polygon","coordinates":[[[37.304581599388044,-3.4366133465986146],[37.30461744216789,-3.4374167376603753],[37.30453636292526,-3.4385057864889434],[37.30467655041527,-3.439258260784105],[37.304523634696025,-3.4398581091910745],[37.30420172610891,-3.4403891827570914],[37.30372597923273,-3.4408474798523176],[37.30304745205426,-3.441346511825933],[37.302705885633756,-3.441994391533479],[37.30204367635238,-3.4421073204323687],[37.3013669880253,-3.442387609252657],[37.30123319743846,-3.4425617079309156],[37.30126506876641,-3.4430047453700956],[37.30081571169836,-3.44340452269607],[37.30088929629654,-3.4442008604671686],[37.3009224549103,-3.444898854153837],[37.30042661721283,-3.4452230582365164],[37.299994957596475,-3.4454611138894373],[37.29869955363684,-3.445458791088149],[37.29871559598003,-3.43641581934683],[37.30460703234995,-3.4364263414134824],[37.304581599388044,-3.4366133465986146]]]}},{"type":"Feature","properties":{"value":26.94,"pixel_id":"311:9620"},"geometry":{"type":"Polygon","coordinates":[[[37.30717001942075,-3.4321703541492354],[37.30683337397139,-3.4322517935460355],[37.30661979681764,-3.432573893219901],[37.30636837184436,-3.4332190653746966],[37.306013700800506,-3.433713614852854],[37.30566527574283,-3.433787436027109],[37.30513677619994,-3.433814701004702],[37.30483155920912,-3.434420785283453],[37.30454154710278,-3.435158668523351],[37.304690985443564,-3.4358090440046154],[37.30460703234995,-3.4364263414134824],[37.29871559598003,-3.43641581934683],[37.2987315959123,-3.427372845815842],[37.307730364649835,-3.4273888606577834],[37.30772189622369,-3.432203543303089],[37.30717001942075,-3.4321703541492354]]]}},{"type":"Feature","properties":{"value":19.49,"pixel_id":"311:9621"},"geometry":{"type":"Polygon","coordinates":[[[37.2987315959123,-3.427372845815842],[37.29874755343564,-3.4183298704998744],[37.30774623786515,-3.418345842990801],[37.307730364649835,-3.4273888606577834],[37.2987315959123,-3.427372845815842]]]}},{"type":"Feature","properties":{"value":3.66,"pixel_id":"311:9622"},"geometry":{"type":"Polygon","coordinates":[[[37.29874755343564,-3.4183298704998744],[37.298763468551996,-3.4092868934036162],[37.30776206889755,-3.4093028235442864],[37.30774623786515,-3.418345842990801],[37.29874755343564,-3.4183298704998744]]]}},{"type":"Feature","properties":{"value":5.98,"pixel_id":"311:9623"},"geometry":{"type":"Polygon","coordinates":[[[37.30718805579501,-3.4004689356839757],[37.307776607760566,-3.4009766113844666],[37.30776206889755,-3.4093028235442864],[37.298763468551996,-3.4092868934036162],[37.298779341263355,-3.4002439145317567],[37.3069011471112,-3.400258258105338],[37.30718805579501,-3.4004689356839757]]]}},{"type":"Feature","properties":{"value":28.2,"pixel_id":"311:9624"},"geometry":{"type":"Polygon","coordinates":[[[37.30441890101536,-3.391519927372228],[37.30430323034611,-3.39206403596479],[37.30448954183435,-3.392556812217136],[37.30458767828756,-3.393280249540016],[37.3044818387808,-3.393662870104669],[37.304144673206885,-3.393735700456922],[37.30363087189866,-3.3942590415554825],[37.30294891854569,-3.394637777144788],[37.3024346025028,-3.39552468208691],[37.30249665812263,-3.39616664938949],[37.302906533335644,-3.3966907068470094],[37.30330627734886,-3.396960658985643],[37.30348532685633,-3.397083175144706],[37.304032814987714,-3.398001213040922],[37.30469950776066,-3.3987940782165915],[37.3055649815363,-3.3992771075317285],[37.3069011471112,-3.400258258105338],[37.298779341263355,-3.4002439145317567],[37.29879517157166,-3.391200933888988],[37.3045868119403,-3.3912111420891784],[37.30441890101536,-3.391519927372228]]]}},{"type":"Feature","properties":{"value":11.05,"pixel_id":"311:9625"},"geometry":{"type":"Polygon","coordinates":[[[37.307481873164896,-3.382907979199063],[37.30702688186338,-3.3831705325028234],[37.306193590232795,-3.383542860101341],[37.30609169612673,-3.3840534542370384],[37.30616572449267,-3.3848975515041078],[37.30620896579718,-3.38536677908273],[37.30631216156208,-3.3855050816656838],[37.30643933156528,-3.3856013936884195],[37.306471809256045,-3.3856782609400526],[37.30639253922044,-3.3857733162896904],[37.30618825064675,-3.3857894650364884],[37.30565035113269,-3.3859649056973176],[37.305044378184746,-3.3864256304713454],[37.30459281754932,-3.3877080015590586],[37.30455890704566,-3.3884771632078015],[37.304562885684035,-3.3894509046588652],[37.3049896860553,-3.3903631469271294],[37.305110332492916,-3.3907072684360497],[37.304752652991176,-3.390906162930907],[37.3045868119403,-3.3912111420891784],[37.29879517157166,-3.391200933888988],[37.29881095947889,-3.3821579514799986],[37.30761683717482,-3.382173417428355],[37.307481873164896,-3.382907979199063]]]}},{"type":"Feature","properties":{"value":7.44,"pixel_id":"311:9626"},"geometry":{"type":"Polygon","coordinates":[[[37.307693992352945,-3.3810931726460183],[37.307769829027556,-3.3813407331769247],[37.30761683717482,-3.382173417428355],[37.29881095947889,-3.3821579514799986],[37.29882670498698,-3.3731149673094767],[37.30782497123689,-3.3731307280566654],[37.30781146751474,-3.380928880236572],[37.307693992352945,-3.3810931726460183]]]}},{"type":"Feature","properties":{"value":6.46,"pixel_id":"311:9627"},"geometry":{"type":"Polygon","coordinates":[[[37.30338289016785,-3.3640948424983],[37.303953756056195,-3.3649254633403323],[37.30423879778406,-3.365498863584176],[37.304412020818596,-3.3666478297368223],[37.30494409745297,-3.3672363064042004],[37.30553318297187,-3.3671318990468477],[37.306395329387726,-3.3671878213080517],[37.30719920658265,-3.3674251099056276],[37.30737431787591,-3.367800228716876],[37.30757384717525,-3.368426669546698],[37.30759285013678,-3.368986671265322],[37.30783194142119,-3.3690984703658926],[37.30782497123689,-3.3731307280566654],[37.29882670498698,-3.3731149673094767],[37.298842408097876,-3.3640719813821165],[37.30337809714729,-3.364079914928989],[37.30338289016785,-3.3640948424983]]]}},{"type":"Feature","properties":{"value":25.89,"pixel_id":"311:9628"},"geometry":{"type":"Polygon","coordinates":[[[37.29902008454828,-3.356103590772327],[37.299864661713805,-3.3561458010799963],[37.30055311258125,-3.3566564007570485],[37.30093906206498,-3.357479611543318],[37.30080345777956,-3.358219459274863],[37.30052181976833,-3.3592761125238058],[37.30054698157942,-3.359790468874885],[37.30133364705353,-3.3604469508673214],[37.30241517463814,-3.36170009267456],[37.30274629814344,-3.362433813527012],[37.30315485732455,-3.3629463598999902],[37.30322136679158,-3.363591787776062],[37.30337809714729,-3.364079914928989],[37.298842408097876,-3.3640719813821165],[37.298856225373584,-3.3560947262307255],[37.29902008454828,-3.356103590772327]]]}},{"type":"Feature","properties":{"value":10.53,"pixel_id":"312:9620"},"geometry":{"type":"Polygon","coordinates":[[[37.31067816967564,-3.4281830622088263],[37.310367199873745,-3.4289274978223157],[37.30995756181596,-3.4293974817989756],[37.309839657934916,-3.430040260287527],[37.30939731581093,-3.4305546136584684],[37.308918674562904,-3.43089171181757],[37.30854073266165,-3.4311904566124087],[37.30837418860123,-3.4320107368830515],[37.30777417148361,-3.432206687053073],[37.30772189622369,-3.432203543303089],[37.307730364649835,-3.4273888606577834],[37.31082288241928,-3.4273943447157165],[37.31067816967564,-3.4281830622088263]]]}},{"type":"Feature","properties":{"value":27.66,"pixel_id":"312:9621"},"geometry":{"type":"Polygon","coordinates":[[[37.31505303427957,-3.418582348560487],[37.314388426496386,-3.419277068926667],[37.31373213711276,-3.4191995219206297],[37.31332316919821,-3.419775543587429],[37.31294933619104,-3.4202044295920215],[37.31271828321176,-3.4206591499219403],[37.31222712304194,-3.421008964849335],[37.312090563847384,-3.4216545989829625],[37.31223576483499,-3.421980840411462],[37.31224465546133,-3.422295227912116],[37.31233016249998,-3.422784714258446],[37.312735002655806,-3.4240418491124647],[37.31280189839839,-3.4246795524719125],[37.3123910422251,-3.4247227843484866],[37.31207438159586,-3.4247615765832338],[37.31138918532471,-3.4246742606517366],[37.31087901949844,-3.4246116461940836],[37.3103017764699,-3.424822368413566],[37.31004280744486,-3.4250889697286864],[37.30989802417386,-3.425672272854029],[37.310031942321494,-3.4259363796816835],[37.310516761283694,-3.42629900692725],[37.310885049888945,-3.426701004839171],[37.310842049332926,-3.427289880426271],[37.31082288241928,-3.4273943447157165],[37.307730364649835,-3.4273888606577834],[37.30774623786515,-3.418345842990801],[37.31524276763417,-3.4183590845252434],[37.31505303427957,-3.418582348560487]]]}},{"type":"Feature","properties":{"value":3.8,"pixel_id":"312:9622"},"geometry":{"type":"Polygon","coordinates":[[[37.31645533587913,-3.4094963546241583],[37.31603010666129,-3.409547800388989],[37.31570429489425,-3.4097927039655196],[37.31527305954042,-3.4099422196320694],[37.314877030959224,-3.4101019245779893],[37.31493716508266,-3.410387686319275],[37.315346766309496,-3.4104990897453074],[37.315817439500904,-3.4105753131345424],[37.3162372869119,-3.4105291566164437],[37.31664107334389,-3.4107921979149363],[37.316432526755726,-3.411199130502163],[37.31612262954227,-3.4114907236486167],[37.31610185510303,-3.4116840880946824],[37.31602557376237,-3.412258531819855],[37.31597635776289,-3.4128479237377594],[37.316152328743875,-3.4132505141480327],[37.31630797354497,-3.413300178595878],[37.316548678023665,-3.4135315129685955],[37.316751774532975,-3.413862109321225],[37.316752804970534,-3.4138621518803935],[37.31675017168996,-3.415374029843226],[37.3162467273072,-3.4156391820154823],[37.31549541772608,-3.4159771069884606],[37.31485617117999,-3.416376695358927],[37.314348959014374,-3.416848653549432],[37.31427057651427,-3.417151943566238],[37.31477316055954,-3.417341448546917],[37.315214157905565,-3.4176893400599697],[37.3154051469215,-3.418168008558661],[37.31524276763417,-3.4183590845252434],[37.30774623786515,-3.418345842990801],[37.30776206889755,-3.4093028235442864],[37.31656844561724,-3.4093183316186924],[37.31645533587913,-3.4094963546241583]]]}},{"type":"Feature","properties":{"value":14.66,"pixel_id":"312:9623"},"geometry":{"type":"Polygon","coordinates":[[[37.30828471909388,-3.4014148997505034],[37.309161769458576,-3.400959973395627],[37.31019945925736,-3.4016176214961527],[37.31133530347564,-3.4019272537172496],[37.31173403508753,-3.40144532710839],[37.312911505439466,-3.4018874946006856],[37.31449428127453,-3.402479580454157],[37.315351254292665,-3.403349639938078],[37.31517547734775,-3.403879360018894],[37.314854407787095,-3.403921780366969],[37.31444017215173,-3.4038950778459016],[37.314156377285464,-3.4040202156083366],[37.314008490335205,-3.404429413394606],[37.313812574958256,-3.405028305314897],[37.31420361339805,-3.4055354854731985],[37.31432640321593,-3.4060885539800387],[37.31467288431931,-3.4063957996785015],[37.31449497297729,-3.4066463941017764],[37.31414035313744,-3.4069727002783017],[37.314300246071475,-3.4074560423036595],[37.314605940067715,-3.4079080171714824],[37.31496829889376,-3.4082040736154218],[37.315437913869786,-3.4085228701965202],[37.31578314631494,-3.4087472816566513],[37.31617949110314,-3.408952498838658],[37.31661088995035,-3.409251528607431],[37.31656844561724,-3.4093183316186924],[37.30776206889755,-3.4093028235442864],[37.307776607760566,-3.4009766113844666],[37.30828471909388,-3.4014148997505034]]]}},{"type":"Feature","properties":{"value":16.5,"pixel_id":"312:9626"},"geometry":{"type":"Polygon","coordinates":[[[37.30897927760692,-3.373187317427284],[37.3087132388406,-3.3737718485440156],[37.30926523022648,-3.3750618831315435],[37.30938017595532,-3.3757328524230297],[37.3089601920004,-3.37696522032181],[37.30824301301018,-3.3781914161548925],[37.30814647016828,-3.3784945207747845],[37.30839472408861,-3.3789629561476344],[37.30857401883619,-3.379293615051483],[37.30876710541831,-3.3796656056175522],[37.308728384436286,-3.380073642048842],[37.3083973786103,-3.380321636175421],[37.30803215775173,-3.3806181146574086],[37.307831911596814,-3.3809002885866732],[37.30781146751474,-3.380928880236572],[37.30782497123689,-3.3731307280566654],[37.308962415116795,-3.3731327143763865],[37.30897927760692,-3.373187317427284]]]}},{"type":"Feature","properties":{"value":65.62,"pixel_id":"312:9627"},"geometry":{"type":"Polygon","coordinates":[[[37.30803941434262,-3.36919548466276],[37.30845747500449,-3.369204976549056],[37.308646729373585,-3.369459738959158],[37.30851371043959,-3.3704848230364477],[37.308494707478054,-3.370760077401052],[37.30873224180212,-3.371139738619716],[37.308352187063285,-3.3718421094471016],[37.30880825274989,-3.372433547668952],[37.308884263697664,-3.372879649371786],[37.308962415116795,-3.3731327143763865],[37.30782497123689,-3.3731307280566654],[37.30783194142119,-3.3690984703658926],[37.30803941434262,-3.36919548466276]]]}},{"type":"Feature","properties":{"value":0.0,"pixel_id":"312:9657"},"geometry":{"type":"Polygon","coordinates":[[[37.31702359950279,-3.1018531553027344],[37.30827523881473,-3.101839137020447],[37.30828959463954,-3.0927960582446556],[37.31728543523157,-3.0928104300504367],[37.317271936152714,-3.1013599550301802],[37.31702359950279,-3.1018531553027344]]]}},{"type":"Feature","properties":{"value":21.16,"pixel_id":"313:9622"},"geometry":{"type":"Polygon","coordinates":[[[37.31698446603936,-3.4138717199252846],[37.31735888205315,-3.4142470407484127],[37.31761592329359,-3.4146483658222815],[37.31759039317321,-3.4150759343404546],[37.31705891571514,-3.4152114214674394],[37.31675017168996,-3.415374029843226],[37.316752804970534,-3.4138621518803935],[37.31698446603936,-3.4138717199252846]]]}},{"type":"Feature","properties":{"value":0.0,"pixel_id":"313:9657"},"geometry":{"type":"Polygon","coordinates":[[[37.320997837793186,-3.0939602283541188],[37.321050424271604,-3.0940117861546765],[37.32024100447135,-3.0954632770773944],[37.317271936152714,-3.1013599550301802],[37.31728543523157,-3.0928104300504367],[37.31991362970799,-3.092814614408934],[37.320997837793186,-3.0939602283541188]]]}}]}